"Longitud de onda (nm)","Absorbancia","Tratamiento"
749,"0.048362","Crema Con Extracto"
748,"0.048382","Crema Con Extracto"
747,"0.046723","Crema Con Extracto"
746,"0.048080","Crema Con Extracto"
745,"0.049087","Crema Con Extracto"
744,"0.049773","Crema Con Extracto"
743,"0.048440","Crema Con Extracto"
742,"0.047946","Crema Con Extracto"
741,"0.048217","Crema Con Extracto"
740,"0.049727","Crema Con Extracto"
739,"0.050316","Crema Con Extracto"
738,"0.050317","Crema Con Extracto"
737,"0.050588","Crema Con Extracto"
736,"0.047327","Crema Con Extracto"
735,"0.048029","Crema Con Extracto"
734,"0.049555","Crema Con Extracto"
733,"0.050293","Crema Con Extracto"
732,"0.049988","Crema Con Extracto"
731,"0.049011","Crema Con Extracto"
730,"0.048243","Crema Con Extracto"
729,"0.048486","Crema Con Extracto"
728,"0.050789","Crema Con Extracto"
727,"0.050330","Crema Con Extracto"
726,"0.049673","Crema Con Extracto"
725,"0.048253","Crema Con Extracto"
724,"0.049467","Crema Con Extracto"
723,"0.050342","Crema Con Extracto"
722,"0.051268","Crema Con Extracto"
721,"0.051419","Crema Con Extracto"
720,"0.050008","Crema Con Extracto"
719,"0.048769","Crema Con Extracto"
718,"0.048836","Crema Con Extracto"
717,"0.050644","Crema Con Extracto"
716,"0.051488","Crema Con Extracto"
715,"0.051341","Crema Con Extracto"
714,"0.049572","Crema Con Extracto"
713,"0.049114","Crema Con Extracto"
712,"0.050013","Crema Con Extracto"
711,"0.050918","Crema Con Extracto"
710,"0.052266","Crema Con Extracto"
709,"0.051417","Crema Con Extracto"
708,"0.052122","Crema Con Extracto"
707,"0.050493","Crema Con Extracto"
706,"0.050980","Crema Con Extracto"
705,"0.052501","Crema Con Extracto"
704,"0.051882","Crema Con Extracto"
703,"0.051773","Crema Con Extracto"
702,"0.050581","Crema Con Extracto"
701,"0.050898","Crema Con Extracto"
700,"0.051329","Crema Con Extracto"
699,"0.053295","Crema Con Extracto"
698,"0.052574","Crema Con Extracto"
697,"0.051355","Crema Con Extracto"
696,"0.051558","Crema Con Extracto"
695,"0.051594","Crema Con Extracto"
694,"0.053561","Crema Con Extracto"
693,"0.053209","Crema Con Extracto"
692,"0.052818","Crema Con Extracto"
691,"0.051621","Crema Con Extracto"
690,"0.052365","Crema Con Extracto"
689,"0.053306","Crema Con Extracto"
688,"0.052971","Crema Con Extracto"
687,"0.052734","Crema Con Extracto"
686,"0.052736","Crema Con Extracto"
685,"0.052218","Crema Con Extracto"
684,"0.052624","Crema Con Extracto"
683,"0.052002","Crema Con Extracto"
682,"0.053585","Crema Con Extracto"
681,"0.053892","Crema Con Extracto"
680,"0.053687","Crema Con Extracto"
679,"0.053058","Crema Con Extracto"
678,"0.053760","Crema Con Extracto"
677,"0.052763","Crema Con Extracto"
676,"0.054145","Crema Con Extracto"
675,"0.052572","Crema Con Extracto"
674,"0.052926","Crema Con Extracto"
673,"0.052354","Crema Con Extracto"
672,"0.053082","Crema Con Extracto"
671,"0.053819","Crema Con Extracto"
670,"0.054076","Crema Con Extracto"
669,"0.053162","Crema Con Extracto"
668,"0.054589","Crema Con Extracto"
667,"0.054583","Crema Con Extracto"
666,"0.053185","Crema Con Extracto"
665,"0.053448","Crema Con Extracto"
664,"0.055237","Crema Con Extracto"
663,"0.053243","Crema Con Extracto"
662,"0.053600","Crema Con Extracto"
661,"0.055032","Crema Con Extracto"
660,"0.053179","Crema Con Extracto"
659,"0.054936","Crema Con Extracto"
658,"0.054484","Crema Con Extracto"
657,"0.055092","Crema Con Extracto"
656,"0.056882","Crema Con Extracto"
655,"0.055162","Crema Con Extracto"
654,"0.054339","Crema Con Extracto"
653,"0.053461","Crema Con Extracto"
652,"0.054218","Crema Con Extracto"
651,"0.055899","Crema Con Extracto"
650,"0.056601","Crema Con Extracto"
649,"0.055208","Crema Con Extracto"
648,"0.054564","Crema Con Extracto"
647,"0.054126","Crema Con Extracto"
646,"0.057026","Crema Con Extracto"
645,"0.056694","Crema Con Extracto"
644,"0.056649","Crema Con Extracto"
643,"0.054992","Crema Con Extracto"
642,"0.054223","Crema Con Extracto"
641,"0.055187","Crema Con Extracto"
640,"0.056074","Crema Con Extracto"
639,"0.057597","Crema Con Extracto"
638,"0.056765","Crema Con Extracto"
637,"0.055699","Crema Con Extracto"
636,"0.055361","Crema Con Extracto"
635,"0.055463","Crema Con Extracto"
634,"0.057288","Crema Con Extracto"
633,"0.058692","Crema Con Extracto"
632,"0.056591","Crema Con Extracto"
631,"0.054670","Crema Con Extracto"
630,"0.055310","Crema Con Extracto"
629,"0.055880","Crema Con Extracto"
628,"0.056720","Crema Con Extracto"
627,"0.057195","Crema Con Extracto"
626,"0.057975","Crema Con Extracto"
625,"0.056576","Crema Con Extracto"
624,"0.056643","Crema Con Extracto"
623,"0.056967","Crema Con Extracto"
622,"0.058332","Crema Con Extracto"
621,"0.056804","Crema Con Extracto"
620,"0.055795","Crema Con Extracto"
619,"0.057369","Crema Con Extracto"
618,"0.057336","Crema Con Extracto"
617,"0.057316","Crema Con Extracto"
616,"0.058433","Crema Con Extracto"
615,"0.058486","Crema Con Extracto"
614,"0.057983","Crema Con Extracto"
613,"0.057506","Crema Con Extracto"
612,"0.056941","Crema Con Extracto"
611,"0.058654","Crema Con Extracto"
610,"0.058594","Crema Con Extracto"
609,"0.058816","Crema Con Extracto"
608,"0.059940","Crema Con Extracto"
607,"0.058464","Crema Con Extracto"
606,"0.058456","Crema Con Extracto"
605,"0.057772","Crema Con Extracto"
604,"0.059851","Crema Con Extracto"
603,"0.058512","Crema Con Extracto"
602,"0.058251","Crema Con Extracto"
601,"0.059523","Crema Con Extracto"
600,"0.057701","Crema Con Extracto"
599,"0.059447","Crema Con Extracto"
598,"0.059519","Crema Con Extracto"
597,"0.058850","Crema Con Extracto"
596,"0.058775","Crema Con Extracto"
595,"0.059521","Crema Con Extracto"
594,"0.059854","Crema Con Extracto"
593,"0.059677","Crema Con Extracto"
592,"0.059446","Crema Con Extracto"
591,"0.059147","Crema Con Extracto"
590,"0.058086","Crema Con Extracto"
589,"0.060394","Crema Con Extracto"
588,"0.059952","Crema Con Extracto"
587,"0.060089","Crema Con Extracto"
586,"0.059424","Crema Con Extracto"
585,"0.060168","Crema Con Extracto"
584,"0.061318","Crema Con Extracto"
583,"0.060983","Crema Con Extracto"
582,"0.060444","Crema Con Extracto"
581,"0.059126","Crema Con Extracto"
580,"0.059199","Crema Con Extracto"
579,"0.061272","Crema Con Extracto"
578,"0.060488","Crema Con Extracto"
577,"0.061787","Crema Con Extracto"
576,"0.062079","Crema Con Extracto"
575,"0.062055","Crema Con Extracto"
574,"0.061353","Crema Con Extracto"
573,"0.061430","Crema Con Extracto"
572,"0.061445","Crema Con Extracto"
571,"0.060386","Crema Con Extracto"
570,"0.062728","Crema Con Extracto"
569,"0.062942","Crema Con Extracto"
568,"0.062713","Crema Con Extracto"
567,"0.062461","Crema Con Extracto"
566,"0.061595","Crema Con Extracto"
565,"0.061840","Crema Con Extracto"
564,"0.063082","Crema Con Extracto"
563,"0.063370","Crema Con Extracto"
562,"0.062459","Crema Con Extracto"
561,"0.062626","Crema Con Extracto"
560,"0.061620","Crema Con Extracto"
559,"0.062906","Crema Con Extracto"
558,"0.063259","Crema Con Extracto"
557,"0.063822","Crema Con Extracto"
556,"0.062715","Crema Con Extracto"
555,"0.063287","Crema Con Extracto"
554,"0.062442","Crema Con Extracto"
553,"0.062844","Crema Con Extracto"
552,"0.064053","Crema Con Extracto"
551,"0.063689","Crema Con Extracto"
550,"0.063069","Crema Con Extracto"
549,"0.062513","Crema Con Extracto"
548,"0.063280","Crema Con Extracto"
547,"0.063027","Crema Con Extracto"
546,"0.062612","Crema Con Extracto"
545,"0.063679","Crema Con Extracto"
544,"0.063940","Crema Con Extracto"
543,"0.062202","Crema Con Extracto"
542,"0.065148","Crema Con Extracto"
541,"0.063667","Crema Con Extracto"
540,"0.064685","Crema Con Extracto"
539,"0.063474","Crema Con Extracto"
538,"0.064236","Crema Con Extracto"
537,"0.063166","Crema Con Extracto"
536,"0.063664","Crema Con Extracto"
535,"0.065831","Crema Con Extracto"
534,"0.064854","Crema Con Extracto"
533,"0.065076","Crema Con Extracto"
532,"0.064872","Crema Con Extracto"
531,"0.064478","Crema Con Extracto"
530,"0.064415","Crema Con Extracto"
529,"0.066627","Crema Con Extracto"
528,"0.065265","Crema Con Extracto"
527,"0.065799","Crema Con Extracto"
526,"0.065409","Crema Con Extracto"
525,"0.065761","Crema Con Extracto"
524,"0.066220","Crema Con Extracto"
523,"0.065534","Crema Con Extracto"
522,"0.066523","Crema Con Extracto"
521,"0.066000","Crema Con Extracto"
520,"0.065593","Crema Con Extracto"
519,"0.066806","Crema Con Extracto"
518,"0.066447","Crema Con Extracto"
517,"0.066078","Crema Con Extracto"
516,"0.067160","Crema Con Extracto"
515,"0.066293","Crema Con Extracto"
514,"0.066554","Crema Con Extracto"
513,"0.066468","Crema Con Extracto"
512,"0.068211","Crema Con Extracto"
511,"0.068435","Crema Con Extracto"
510,"0.067285","Crema Con Extracto"
509,"0.067344","Crema Con Extracto"
508,"0.067812","Crema Con Extracto"
507,"0.068254","Crema Con Extracto"
506,"0.067069","Crema Con Extracto"
505,"0.068406","Crema Con Extracto"
504,"0.067156","Crema Con Extracto"
503,"0.068349","Crema Con Extracto"
502,"0.067807","Crema Con Extracto"
501,"0.069280","Crema Con Extracto"
500,"0.069507","Crema Con Extracto"
499,"0.068082","Crema Con Extracto"
498,"0.067567","Crema Con Extracto"
497,"0.068076","Crema Con Extracto"
496,"0.067088","Crema Con Extracto"
495,"0.067567","Crema Con Extracto"
494,"0.068775","Crema Con Extracto"
493,"0.067969","Crema Con Extracto"
492,"0.069995","Crema Con Extracto"
491,"0.068389","Crema Con Extracto"
490,"0.069384","Crema Con Extracto"
489,"0.069592","Crema Con Extracto"
488,"0.069354","Crema Con Extracto"
487,"0.068502","Crema Con Extracto"
486,"0.069302","Crema Con Extracto"
485,"0.069721","Crema Con Extracto"
484,"0.069454","Crema Con Extracto"
483,"0.070775","Crema Con Extracto"
482,"0.069940","Crema Con Extracto"
481,"0.071020","Crema Con Extracto"
480,"0.071599","Crema Con Extracto"
479,"0.070655","Crema Con Extracto"
478,"0.070909","Crema Con Extracto"
477,"0.069977","Crema Con Extracto"
476,"0.069971","Crema Con Extracto"
475,"0.071122","Crema Con Extracto"
474,"0.072464","Crema Con Extracto"
473,"0.071673","Crema Con Extracto"
472,"0.071825","Crema Con Extracto"
471,"0.071360","Crema Con Extracto"
470,"0.071453","Crema Con Extracto"
469,"0.071116","Crema Con Extracto"
468,"0.072240","Crema Con Extracto"
467,"0.072611","Crema Con Extracto"
466,"0.071622","Crema Con Extracto"
465,"0.071945","Crema Con Extracto"
464,"0.072429","Crema Con Extracto"
463,"0.073146","Crema Con Extracto"
462,"0.073257","Crema Con Extracto"
461,"0.072125","Crema Con Extracto"
460,"0.072504","Crema Con Extracto"
459,"0.073541","Crema Con Extracto"
458,"0.073261","Crema Con Extracto"
457,"0.074252","Crema Con Extracto"
456,"0.074405","Crema Con Extracto"
455,"0.072297","Crema Con Extracto"
454,"0.074063","Crema Con Extracto"
453,"0.075199","Crema Con Extracto"
452,"0.075435","Crema Con Extracto"
451,"0.072976","Crema Con Extracto"
450,"0.074596","Crema Con Extracto"
449,"0.073952","Crema Con Extracto"
448,"0.074898","Crema Con Extracto"
447,"0.075665","Crema Con Extracto"
446,"0.073255","Crema Con Extracto"
445,"0.076259","Crema Con Extracto"
444,"0.076099","Crema Con Extracto"
443,"0.075431","Crema Con Extracto"
442,"0.076037","Crema Con Extracto"
441,"0.074940","Crema Con Extracto"
440,"0.074670","Crema Con Extracto"
439,"0.076513","Crema Con Extracto"
438,"0.075307","Crema Con Extracto"
437,"0.075694","Crema Con Extracto"
436,"0.077720","Crema Con Extracto"
435,"0.075741","Crema Con Extracto"
434,"0.078481","Crema Con Extracto"
433,"0.079514","Crema Con Extracto"
432,"0.080169","Crema Con Extracto"
431,"0.077650","Crema Con Extracto"
430,"0.079255","Crema Con Extracto"
429,"0.080355","Crema Con Extracto"
428,"0.080068","Crema Con Extracto"
427,"0.081261","Crema Con Extracto"
426,"0.080942","Crema Con Extracto"
425,"0.078597","Crema Con Extracto"
424,"0.079019","Crema Con Extracto"
423,"0.081155","Crema Con Extracto"
422,"0.082691","Crema Con Extracto"
421,"0.083614","Crema Con Extracto"
420,"0.085893","Crema Con Extracto"
419,"0.087869","Crema Con Extracto"
418,"0.089884","Crema Con Extracto"
417,"0.092930","Crema Con Extracto"
416,"0.096768","Crema Con Extracto"
415,"0.102381","Crema Con Extracto"
414,"0.105309","Crema Con Extracto"
413,"0.110787","Crema Con Extracto"
412,"0.115164","Crema Con Extracto"
411,"0.125242","Crema Con Extracto"
410,"0.135451","Crema Con Extracto"
409,"0.150178","Crema Con Extracto"
408,"0.163863","Crema Con Extracto"
407,"0.185059","Crema Con Extracto"
406,"0.209801","Crema Con Extracto"
405,"0.244908","Crema Con Extracto"
404,"0.284943","Crema Con Extracto"
403,"0.336755","Crema Con Extracto"
402,"0.401890","Crema Con Extracto"
401,"0.485007","Crema Con Extracto"
400,"0.586330","Crema Con Extracto"
399,"0.711452","Crema Con Extracto"
398,"0.860308","Crema Con Extracto"
397,"1.038771","Crema Con Extracto"
396,"1.244437","Crema Con Extracto"
395,"1.479498","Crema Con Extracto"
394,"1.658878","Crema Con Extracto"
393,"1.814344","Crema Con Extracto"
392,"1.967498","Crema Con Extracto"
391,"1.919468","Crema Con Extracto"
390,"1.884384","Crema Con Extracto"
389,"1.936320","Crema Con Extracto"
388,"1.977183","Crema Con Extracto"
387,"1.968192","Crema Con Extracto"
386,"1.959824","Crema Con Extracto"
385,"1.960603","Crema Con Extracto"
384,"1.961707","Crema Con Extracto"
383,"1.937314","Crema Con Extracto"
382,"1.933602","Crema Con Extracto"
381,"1.961612","Crema Con Extracto"
380,"1.952220","Crema Con Extracto"
379,"1.999948","Crema Con Extracto"
378,"2.078169","Crema Con Extracto"
377,"2.048965","Crema Con Extracto"
376,"1.998764","Crema Con Extracto"
375,"1.976332","Crema Con Extracto"
374,"1.964490","Crema Con Extracto"
373,"1.972329","Crema Con Extracto"
372,"2.007606","Crema Con Extracto"
371,"2.543187","Crema Con Extracto"
370,"2.511654","Crema Con Extracto"
369,"2.529367","Crema Con Extracto"
368,"2.571209","Crema Con Extracto"
367,"2.579114","Crema Con Extracto"
366,"2.574039","Crema Con Extracto"
365,"2.601792","Crema Con Extracto"
364,"2.633418","Crema Con Extracto"
363,"2.778326","Crema Con Extracto"
362,"2.714062","Crema Con Extracto"
361,"2.756176","Crema Con Extracto"
360,"2.690513","Crema Con Extracto"
359,"2.675352","Crema Con Extracto"
358,"2.791959","Crema Con Extracto"
357,"2.679142","Crema Con Extracto"
356,"2.666692","Crema Con Extracto"
355,"2.626531","Crema Con Extracto"
354,"2.627718","Crema Con Extracto"
353,"2.577545","Crema Con Extracto"
352,"2.567704","Crema Con Extracto"
351,"2.577409","Crema Con Extracto"
350,"2.574882","Crema Con Extracto"
349,"2.539107","Crema Con Extracto"
348,"2.552714","Crema Con Extracto"
347,"2.607529","Crema Con Extracto"
346,"2.653638","Crema Con Extracto"
345,"2.636439","Crema Con Extracto"
344,"2.618463","Crema Con Extracto"
343,"2.568099","Crema Con Extracto"
342,"2.579695","Crema Con Extracto"
341,"2.559292","Crema Con Extracto"
340,"2.565394","Crema Con Extracto"
339,"2.593637","Crema Con Extracto"
338,"2.600215","Crema Con Extracto"
337,"2.594367","Crema Con Extracto"
336,"2.587467","Crema Con Extracto"
335,"2.607539","Crema Con Extracto"
334,"2.625311","Crema Con Extracto"
333,"2.639972","Crema Con Extracto"
332,"2.597621","Crema Con Extracto"
331,"2.590123","Crema Con Extracto"
330,"2.575605","Crema Con Extracto"
329,"2.590310","Crema Con Extracto"
328,"2.520593","Crema Con Extracto"
327,"2.670344","Crema Con Extracto"
326,"2.656356","Crema Con Extracto"
325,"2.705083","Crema Con Extracto"
324,"2.732561","Crema Con Extracto"
323,"2.624412","Crema Con Extracto"
322,"2.595031","Crema Con Extracto"
321,"2.595369","Crema Con Extracto"
320,"2.660490","Crema Con Extracto"
319,"2.655840","Crema Con Extracto"
318,"2.646340","Crema Con Extracto"
317,"2.647174","Crema Con Extracto"
316,"2.717219","Crema Con Extracto"
315,"2.775558","Crema Con Extracto"
314,"2.694556","Crema Con Extracto"
313,"2.745737","Crema Con Extracto"
312,"2.808513","Crema Con Extracto"
311,"2.814001","Crema Con Extracto"
310,"2.800927","Crema Con Extracto"
309,"2.807826","Crema Con Extracto"
308,"2.751415","Crema Con Extracto"
307,"2.742388","Crema Con Extracto"
306,"2.744800","Crema Con Extracto"
305,"2.753224","Crema Con Extracto"
304,"2.780767","Crema Con Extracto"
303,"2.789648","Crema Con Extracto"
302,"2.820669","Crema Con Extracto"
301,"2.820131","Crema Con Extracto"
300,"2.781993","Crema Con Extracto"
299,"2.821820","Crema Con Extracto"
298,"2.832743","Crema Con Extracto"
297,"2.777060","Crema Con Extracto"
296,"2.591055","Crema Con Extracto"
295,"2.468475","Crema Con Extracto"
294,"2.226025","Crema Con Extracto"
293,"1.942623","Crema Con Extracto"
292,"1.678349","Crema Con Extracto"
291,"1.463551","Crema Con Extracto"
290,"1.323966","Crema Con Extracto"
289,"1.280416","Crema Con Extracto"
288,"1.241823","Crema Con Extracto"
287,"1.228399","Crema Con Extracto"
286,"1.213163","Crema Con Extracto"
285,"1.179974","Crema Con Extracto"
284,"1.166593","Crema Con Extracto"
283,"1.161154","Crema Con Extracto"
282,"1.146943","Crema Con Extracto"
281,"1.128613","Crema Con Extracto"
280,"1.095710","Crema Con Extracto"
279,"1.104696","Crema Con Extracto"
278,"1.082960","Crema Con Extracto"
277,"1.054524","Crema Con Extracto"
276,"1.055516","Crema Con Extracto"
275,"1.022994","Crema Con Extracto"
274,"1.013975","Crema Con Extracto"
273,"0.993323","Crema Con Extracto"
272,"0.965629","Crema Con Extracto"
271,"0.971249","Crema Con Extracto"
270,"0.962968","Crema Con Extracto"
269,"0.951007","Crema Con Extracto"
268,"0.915105","Crema Con Extracto"
267,"0.892320","Crema Con Extracto"
266,"0.896394","Crema Con Extracto"
265,"0.892306","Crema Con Extracto"
264,"0.880046","Crema Con Extracto"
263,"0.859754","Crema Con Extracto"
262,"0.851657","Crema Con Extracto"
261,"0.832360","Crema Con Extracto"
260,"0.825373","Crema Con Extracto"
259,"0.814466","Crema Con Extracto"
258,"0.789969","Crema Con Extracto"
257,"0.808431","Crema Con Extracto"
256,"0.782228","Crema Con Extracto"
255,"0.772991","Crema Con Extracto"
254,"0.769660","Crema Con Extracto"
253,"0.742457","Crema Con Extracto"
252,"0.727154","Crema Con Extracto"
251,"0.709345","Crema Con Extracto"
250,"0.716917","Crema Con Extracto"
249,"0.339771","Crema Con Extracto"
248,"0.325125","Crema Con Extracto"
247,"0.318329","Crema Con Extracto"
246,"0.329642","Crema Con Extracto"
245,"0.311875","Crema Con Extracto"
244,"0.316367","Crema Con Extracto"
243,"0.295403","Crema Con Extracto"
242,"0.294450","Crema Con Extracto"
241,"0.294732","Crema Con Extracto"
240,"0.289890","Crema Con Extracto"
239,"0.287687","Crema Con Extracto"
238,"0.283691","Crema Con Extracto"
237,"0.283852","Crema Con Extracto"
236,"0.279148","Crema Con Extracto"
235,"0.273675","Crema Con Extracto"
234,"0.270765","Crema Con Extracto"
233,"0.268039","Crema Con Extracto"
232,"0.254618","Crema Con Extracto"
231,"0.250641","Crema Con Extracto"
230,"0.239143","Crema Con Extracto"
229,"0.255404","Crema Con Extracto"
228,"0.250080","Crema Con Extracto"
227,"0.241581","Crema Con Extracto"
226,"0.235294","Crema Con Extracto"
225,"0.247432","Crema Con Extracto"
224,"0.241947","Crema Con Extracto"
223,"0.244213","Crema Con Extracto"
222,"0.224927","Crema Con Extracto"
221,"0.228146","Crema Con Extracto"
220,"0.229875","Crema Con Extracto"
219,"0.220419","Crema Con Extracto"
218,"0.225652","Crema Con Extracto"
217,"0.236762","Crema Con Extracto"
216,"0.224114","Crema Con Extracto"
215,"0.220622","Crema Con Extracto"
214,"0.205012","Crema Con Extracto"
213,"0.211348","Crema Con Extracto"
212,"0.217829","Crema Con Extracto"
211,"0.197209","Crema Con Extracto"
210,"0.194358","Crema Con Extracto"
209,"0.198919","Crema Con Extracto"
208,"0.205830","Crema Con Extracto"
207,"0.185430","Crema Con Extracto"
206,"0.195347","Crema Con Extracto"
205,"0.181805","Crema Con Extracto"
204,"0.183373","Crema Con Extracto"
203,"0.189030","Crema Con Extracto"
202,"0.193386","Crema Con Extracto"
201,"0.168302","Crema Con Extracto"
200,"0.168028","Crema Con Extracto"
749,"0.618653","Crema Control"
748,"0.618410","Crema Control"
747,"0.616751","Crema Control"
746,"0.618477","Crema Control"
745,"0.620801","Crema Control"
744,"0.620312","Crema Control"
743,"0.620283","Crema Control"
742,"0.619639","Crema Control"
741,"0.621288","Crema Control"
740,"0.622474","Crema Control"
739,"0.623510","Crema Control"
738,"0.624374","Crema Control"
737,"0.623709","Crema Control"
736,"0.621421","Crema Control"
735,"0.621637","Crema Control"
734,"0.624456","Crema Control"
733,"0.624973","Crema Control"
732,"0.625906","Crema Control"
731,"0.625303","Crema Control"
730,"0.624059","Crema Control"
729,"0.626386","Crema Control"
728,"0.627294","Crema Control"
727,"0.627959","Crema Control"
726,"0.626685","Crema Control"
725,"0.626919","Crema Control"
724,"0.628217","Crema Control"
723,"0.629328","Crema Control"
722,"0.631106","Crema Control"
721,"0.631129","Crema Control"
720,"0.630569","Crema Control"
719,"0.629544","Crema Control"
718,"0.629844","Crema Control"
717,"0.631738","Crema Control"
716,"0.633071","Crema Control"
715,"0.633334","Crema Control"
714,"0.632309","Crema Control"
713,"0.632182","Crema Control"
712,"0.633982","Crema Control"
711,"0.633744","Crema Control"
710,"0.636112","Crema Control"
709,"0.635929","Crema Control"
708,"0.635986","Crema Control"
707,"0.634784","Crema Control"
706,"0.635767","Crema Control"
705,"0.637809","Crema Control"
704,"0.638428","Crema Control"
703,"0.638568","Crema Control"
702,"0.637413","Crema Control"
701,"0.637624","Crema Control"
700,"0.638586","Crema Control"
699,"0.640685","Crema Control"
698,"0.640354","Crema Control"
697,"0.639390","Crema Control"
696,"0.640337","Crema Control"
695,"0.640644","Crema Control"
694,"0.641603","Crema Control"
693,"0.641921","Crema Control"
692,"0.641853","Crema Control"
691,"0.641497","Crema Control"
690,"0.643607","Crema Control"
689,"0.643512","Crema Control"
688,"0.642596","Crema Control"
687,"0.643271","Crema Control"
686,"0.644169","Crema Control"
685,"0.644453","Crema Control"
684,"0.644681","Crema Control"
683,"0.645426","Crema Control"
682,"0.645824","Crema Control"
681,"0.646520","Crema Control"
680,"0.646596","Crema Control"
679,"0.646948","Crema Control"
678,"0.648206","Crema Control"
677,"0.647923","Crema Control"
676,"0.647679","Crema Control"
675,"0.647071","Crema Control"
674,"0.647139","Crema Control"
673,"0.648543","Crema Control"
672,"0.649674","Crema Control"
671,"0.649856","Crema Control"
670,"0.649350","Crema Control"
669,"0.649414","Crema Control"
668,"0.650388","Crema Control"
667,"0.652660","Crema Control"
666,"0.653104","Crema Control"
665,"0.652221","Crema Control"
664,"0.652240","Crema Control"
663,"0.651630","Crema Control"
662,"0.653853","Crema Control"
661,"0.656265","Crema Control"
660,"0.653746","Crema Control"
659,"0.656069","Crema Control"
658,"0.654562","Crema Control"
657,"0.656348","Crema Control"
656,"0.657825","Crema Control"
655,"0.658669","Crema Control"
654,"0.658090","Crema Control"
653,"0.657936","Crema Control"
652,"0.657664","Crema Control"
651,"0.659743","Crema Control"
650,"0.661003","Crema Control"
649,"0.661012","Crema Control"
648,"0.660573","Crema Control"
647,"0.660283","Crema Control"
646,"0.660198","Crema Control"
645,"0.662847","Crema Control"
644,"0.663718","Crema Control"
643,"0.663864","Crema Control"
642,"0.663774","Crema Control"
641,"0.663412","Crema Control"
640,"0.664303","Crema Control"
639,"0.664859","Crema Control"
638,"0.666408","Crema Control"
637,"0.666032","Crema Control"
636,"0.667106","Crema Control"
635,"0.666683","Crema Control"
634,"0.667330","Crema Control"
633,"0.668838","Crema Control"
632,"0.668344","Crema Control"
631,"0.668703","Crema Control"
630,"0.670029","Crema Control"
629,"0.668383","Crema Control"
628,"0.669906","Crema Control"
627,"0.670499","Crema Control"
626,"0.672881","Crema Control"
625,"0.672755","Crema Control"
624,"0.673109","Crema Control"
623,"0.672646","Crema Control"
622,"0.673587","Crema Control"
621,"0.672564","Crema Control"
620,"0.673587","Crema Control"
619,"0.675704","Crema Control"
618,"0.675369","Crema Control"
617,"0.675771","Crema Control"
616,"0.676830","Crema Control"
615,"0.677088","Crema Control"
614,"0.676626","Crema Control"
613,"0.678837","Crema Control"
612,"0.678507","Crema Control"
611,"0.679256","Crema Control"
610,"0.679589","Crema Control"
609,"0.679603","Crema Control"
608,"0.681848","Crema Control"
607,"0.682720","Crema Control"
606,"0.681733","Crema Control"
605,"0.682036","Crema Control"
604,"0.683119","Crema Control"
603,"0.683028","Crema Control"
602,"0.684265","Crema Control"
601,"0.686146","Crema Control"
600,"0.683841","Crema Control"
599,"0.685536","Crema Control"
598,"0.685154","Crema Control"
597,"0.685804","Crema Control"
596,"0.686365","Crema Control"
595,"0.688562","Crema Control"
594,"0.688418","Crema Control"
593,"0.688295","Crema Control"
592,"0.688217","Crema Control"
591,"0.688543","Crema Control"
590,"0.689193","Crema Control"
589,"0.691515","Crema Control"
588,"0.691718","Crema Control"
587,"0.690709","Crema Control"
586,"0.690866","Crema Control"
585,"0.692059","Crema Control"
584,"0.694444","Crema Control"
583,"0.694715","Crema Control"
582,"0.694874","Crema Control"
581,"0.693583","Crema Control"
580,"0.693618","Crema Control"
579,"0.697412","Crema Control"
578,"0.698398","Crema Control"
577,"0.699757","Crema Control"
576,"0.699170","Crema Control"
575,"0.697779","Crema Control"
574,"0.699323","Crema Control"
573,"0.700587","Crema Control"
572,"0.701554","Crema Control"
571,"0.699406","Crema Control"
570,"0.703530","Crema Control"
569,"0.703921","Crema Control"
568,"0.702142","Crema Control"
567,"0.703829","Crema Control"
566,"0.704139","Crema Control"
565,"0.704694","Crema Control"
564,"0.705946","Crema Control"
563,"0.705960","Crema Control"
562,"0.706546","Crema Control"
561,"0.707941","Crema Control"
560,"0.707639","Crema Control"
559,"0.707739","Crema Control"
558,"0.709717","Crema Control"
557,"0.709657","Crema Control"
556,"0.709631","Crema Control"
555,"0.711106","Crema Control"
554,"0.711159","Crema Control"
553,"0.711966","Crema Control"
552,"0.713129","Crema Control"
551,"0.713712","Crema Control"
550,"0.713468","Crema Control"
549,"0.713230","Crema Control"
548,"0.714110","Crema Control"
547,"0.714717","Crema Control"
546,"0.715480","Crema Control"
545,"0.716385","Crema Control"
544,"0.716840","Crema Control"
543,"0.715138","Crema Control"
542,"0.718092","Crema Control"
541,"0.718424","Crema Control"
540,"0.719941","Crema Control"
539,"0.719750","Crema Control"
538,"0.718608","Crema Control"
537,"0.719616","Crema Control"
536,"0.720967","Crema Control"
535,"0.722950","Crema Control"
534,"0.722007","Crema Control"
533,"0.724624","Crema Control"
532,"0.722640","Crema Control"
531,"0.723220","Crema Control"
530,"0.723801","Crema Control"
529,"0.726754","Crema Control"
528,"0.726322","Crema Control"
527,"0.726031","Crema Control"
526,"0.727334","Crema Control"
525,"0.728639","Crema Control"
524,"0.729366","Crema Control"
523,"0.729339","Crema Control"
522,"0.730474","Crema Control"
521,"0.730332","Crema Control"
520,"0.730715","Crema Control"
519,"0.731289","Crema Control"
518,"0.732056","Crema Control"
517,"0.732843","Crema Control"
516,"0.734382","Crema Control"
515,"0.733971","Crema Control"
514,"0.735045","Crema Control"
513,"0.734516","Crema Control"
512,"0.736149","Crema Control"
511,"0.736345","Crema Control"
510,"0.736584","Crema Control"
509,"0.738310","Crema Control"
508,"0.737555","Crema Control"
507,"0.739355","Crema Control"
506,"0.738239","Crema Control"
505,"0.739750","Crema Control"
504,"0.739512","Crema Control"
503,"0.741339","Crema Control"
502,"0.741707","Crema Control"
501,"0.742797","Crema Control"
500,"0.744076","Crema Control"
499,"0.742296","Crema Control"
498,"0.744229","Crema Control"
497,"0.745306","Crema Control"
496,"0.744854","Crema Control"
495,"0.745493","Crema Control"
494,"0.746305","Crema Control"
493,"0.746159","Crema Control"
492,"0.747833","Crema Control"
491,"0.748903","Crema Control"
490,"0.749825","Crema Control"
489,"0.749320","Crema Control"
488,"0.750117","Crema Control"
487,"0.750529","Crema Control"
486,"0.752086","Crema Control"
485,"0.752406","Crema Control"
484,"0.752984","Crema Control"
483,"0.754056","Crema Control"
482,"0.754904","Crema Control"
481,"0.756254","Crema Control"
480,"0.757438","Crema Control"
479,"0.758331","Crema Control"
478,"0.758868","Crema Control"
477,"0.757818","Crema Control"
476,"0.758559","Crema Control"
475,"0.759053","Crema Control"
474,"0.761385","Crema Control"
473,"0.762482","Crema Control"
472,"0.762942","Crema Control"
471,"0.763436","Crema Control"
470,"0.763072","Crema Control"
469,"0.763216","Crema Control"
468,"0.765776","Crema Control"
467,"0.766269","Crema Control"
466,"0.767079","Crema Control"
465,"0.767434","Crema Control"
464,"0.767478","Crema Control"
463,"0.768319","Crema Control"
462,"0.769646","Crema Control"
461,"0.768828","Crema Control"
460,"0.770467","Crema Control"
459,"0.771578","Crema Control"
458,"0.771598","Crema Control"
457,"0.772823","Crema Control"
456,"0.773710","Crema Control"
455,"0.773594","Crema Control"
454,"0.776296","Crema Control"
453,"0.776821","Crema Control"
452,"0.776786","Crema Control"
451,"0.775951","Crema Control"
450,"0.776807","Crema Control"
449,"0.778397","Crema Control"
448,"0.778601","Crema Control"
447,"0.779513","Crema Control"
446,"0.778353","Crema Control"
445,"0.780266","Crema Control"
444,"0.783092","Crema Control"
443,"0.783157","Crema Control"
442,"0.783714","Crema Control"
441,"0.784213","Crema Control"
440,"0.783060","Crema Control"
439,"0.786138","Crema Control"
438,"0.786523","Crema Control"
437,"0.786499","Crema Control"
436,"0.787671","Crema Control"
435,"0.786213","Crema Control"
434,"0.789985","Crema Control"
433,"0.791672","Crema Control"
432,"0.792536","Crema Control"
431,"0.790891","Crema Control"
430,"0.792875","Crema Control"
429,"0.793859","Crema Control"
428,"0.793530","Crema Control"
427,"0.795645","Crema Control"
426,"0.796439","Crema Control"
425,"0.794129","Crema Control"
424,"0.795279","Crema Control"
423,"0.796523","Crema Control"
422,"0.796844","Crema Control"
421,"0.798441","Crema Control"
420,"0.799276","Crema Control"
419,"0.802798","Crema Control"
418,"0.803243","Crema Control"
417,"0.803138","Crema Control"
416,"0.803584","Crema Control"
415,"0.806268","Crema Control"
414,"0.807759","Crema Control"
413,"0.809217","Crema Control"
412,"0.807436","Crema Control"
411,"0.808769","Crema Control"
410,"0.810914","Crema Control"
409,"0.811561","Crema Control"
408,"0.811940","Crema Control"
407,"0.813802","Crema Control"
406,"0.813343","Crema Control"
405,"0.815371","Crema Control"
404,"0.816976","Crema Control"
403,"0.816252","Crema Control"
402,"0.816971","Crema Control"
401,"0.820107","Crema Control"
400,"0.820025","Crema Control"
399,"0.822820","Crema Control"
398,"0.822891","Crema Control"
397,"0.824864","Crema Control"
396,"0.826323","Crema Control"
395,"0.827067","Crema Control"
394,"0.829169","Crema Control"
393,"0.831338","Crema Control"
392,"0.832632","Crema Control"
391,"0.834533","Crema Control"
390,"0.835486","Crema Control"
389,"0.841662","Crema Control"
388,"0.843066","Crema Control"
387,"0.846607","Crema Control"
386,"0.848963","Crema Control"
385,"0.849634","Crema Control"
384,"0.851070","Crema Control"
383,"0.856246","Crema Control"
382,"0.859552","Crema Control"
381,"0.862370","Crema Control"
380,"0.865376","Crema Control"
379,"0.865840","Crema Control"
378,"0.864962","Crema Control"
377,"0.868640","Crema Control"
376,"0.870960","Crema Control"
375,"0.876079","Crema Control"
374,"0.875430","Crema Control"
373,"0.878017","Crema Control"
372,"0.880728","Crema Control"
371,"0.892116","Crema Control"
370,"0.896301","Crema Control"
369,"0.898330","Crema Control"
368,"0.896127","Crema Control"
367,"0.897129","Crema Control"
366,"0.901492","Crema Control"
365,"0.902027","Crema Control"
364,"0.904829","Crema Control"
363,"0.911477","Crema Control"
362,"0.907314","Crema Control"
361,"0.913696","Crema Control"
360,"0.914374","Crema Control"
359,"0.917147","Crema Control"
358,"0.919413","Crema Control"
357,"0.924090","Crema Control"
356,"0.925449","Crema Control"
355,"0.924360","Crema Control"
354,"0.926928","Crema Control"
353,"0.926484","Crema Control"
352,"0.933046","Crema Control"
351,"0.936865","Crema Control"
350,"0.938341","Crema Control"
349,"0.938686","Crema Control"
348,"0.936493","Crema Control"
347,"0.942574","Crema Control"
346,"0.946396","Crema Control"
345,"0.949218","Crema Control"
344,"0.951987","Crema Control"
343,"0.954514","Crema Control"
342,"0.951554","Crema Control"
341,"0.952483","Crema Control"
340,"0.956845","Crema Control"
339,"0.957338","Crema Control"
338,"0.962962","Crema Control"
337,"0.959937","Crema Control"
336,"0.961748","Crema Control"
335,"0.968067","Crema Control"
334,"0.969001","Crema Control"
333,"0.974898","Crema Control"
332,"0.977634","Crema Control"
331,"0.980301","Crema Control"
330,"0.983035","Crema Control"
329,"0.983594","Crema Control"
328,"0.989177","Crema Control"
327,"0.993673","Crema Control"
326,"1.000177","Crema Control"
325,"1.002553","Crema Control"
324,"1.005685","Crema Control"
323,"1.011102","Crema Control"
322,"1.015611","Crema Control"
321,"1.018633","Crema Control"
320,"1.027834","Crema Control"
319,"1.034129","Crema Control"
318,"1.038548","Crema Control"
317,"1.047134","Crema Control"
316,"1.051541","Crema Control"
315,"1.057250","Crema Control"
314,"1.064235","Crema Control"
313,"1.074268","Crema Control"
312,"1.080685","Crema Control"
311,"1.087387","Crema Control"
310,"1.100430","Crema Control"
309,"1.112453","Crema Control"
308,"1.126150","Crema Control"
307,"1.136027","Crema Control"
306,"1.152580","Crema Control"
305,"1.170335","Crema Control"
304,"1.182702","Crema Control"
303,"1.193075","Crema Control"
302,"1.206358","Crema Control"
301,"1.214152","Crema Control"
300,"1.225955","Crema Control"
299,"1.235890","Crema Control"
298,"1.244291","Crema Control"
297,"1.251872","Crema Control"
296,"1.257337","Crema Control"
295,"1.265716","Crema Control"
294,"1.260461","Crema Control"
293,"1.229089","Crema Control"
292,"1.188110","Crema Control"
291,"1.125083","Crema Control"
290,"1.076043","Crema Control"
289,"1.056049","Crema Control"
288,"1.053415","Crema Control"
287,"1.053443","Crema Control"
286,"1.043787","Crema Control"
285,"1.046581","Crema Control"
284,"1.040094","Crema Control"
283,"1.022315","Crema Control"
282,"1.031038","Crema Control"
281,"1.034440","Crema Control"
280,"1.010100","Crema Control"
279,"1.022315","Crema Control"
278,"1.010638","Crema Control"
277,"1.007007","Crema Control"
276,"1.011649","Crema Control"
275,"1.003245","Crema Control"
274,"1.000193","Crema Control"
273,"0.994054","Crema Control"
272,"1.000006","Crema Control"
271,"1.001491","Crema Control"
270,"0.994612","Crema Control"
269,"0.984473","Crema Control"
268,"0.960325","Crema Control"
267,"0.982781","Crema Control"
266,"0.983969","Crema Control"
265,"0.970976","Crema Control"
264,"0.958405","Crema Control"
263,"0.974806","Crema Control"
262,"0.961362","Crema Control"
261,"0.950693","Crema Control"
260,"0.950157","Crema Control"
259,"0.932314","Crema Control"
258,"0.943489","Crema Control"
257,"0.951179","Crema Control"
256,"0.933961","Crema Control"
255,"0.919469","Crema Control"
254,"0.948814","Crema Control"
253,"0.928822","Crema Control"
252,"0.923502","Crema Control"
251,"0.908578","Crema Control"
250,"0.919308","Crema Control"
249,"0.801643","Crema Control"
248,"0.798605","Crema Control"
247,"0.793209","Crema Control"
246,"0.797764","Crema Control"
245,"0.786408","Crema Control"
244,"0.801616","Crema Control"
243,"0.790202","Crema Control"
242,"0.780000","Crema Control"
241,"0.800067","Crema Control"
240,"0.772065","Crema Control"
239,"0.779811","Crema Control"
238,"0.775226","Crema Control"
237,"0.777673","Crema Control"
236,"0.777640","Crema Control"
235,"0.781775","Crema Control"
234,"0.771247","Crema Control"
233,"0.776802","Crema Control"
232,"0.754131","Crema Control"
231,"0.767440","Crema Control"
230,"0.753982","Crema Control"
229,"0.768696","Crema Control"
228,"0.745099","Crema Control"
227,"0.755855","Crema Control"
226,"0.743216","Crema Control"
225,"0.761547","Crema Control"
224,"0.754493","Crema Control"
223,"0.748785","Crema Control"
222,"0.744510","Crema Control"
221,"0.756292","Crema Control"
220,"0.741698","Crema Control"
219,"0.730379","Crema Control"
218,"0.738869","Crema Control"
217,"0.749919","Crema Control"
216,"0.746764","Crema Control"
215,"0.736912","Crema Control"
214,"0.744056","Crema Control"
213,"0.737625","Crema Control"
212,"0.754302","Crema Control"
211,"0.725137","Crema Control"
210,"0.722612","Crema Control"
209,"0.728143","Crema Control"
208,"0.727332","Crema Control"
207,"0.729488","Crema Control"
206,"0.718097","Crema Control"
205,"0.710443","Crema Control"
204,"0.722723","Crema Control"
203,"0.708145","Crema Control"
202,"0.708548","Crema Control"
201,"0.712511","Crema Control"
200,"0.713775","Crema Control"
749,"0.513188","Bloqueador Extracto"
748,"0.513632","Bloqueador Extracto"
747,"0.511837","Bloqueador Extracto"
746,"0.511292","Bloqueador Extracto"
745,"0.512779","Bloqueador Extracto"
744,"0.513748","Bloqueador Extracto"
743,"0.514940","Bloqueador Extracto"
742,"0.514840","Bloqueador Extracto"
741,"0.514398","Bloqueador Extracto"
740,"0.513870","Bloqueador Extracto"
739,"0.515363","Bloqueador Extracto"
738,"0.517039","Bloqueador Extracto"
737,"0.518528","Bloqueador Extracto"
736,"0.515001","Bloqueador Extracto"
735,"0.514286","Bloqueador Extracto"
734,"0.516120","Bloqueador Extracto"
733,"0.516932","Bloqueador Extracto"
732,"0.518462","Bloqueador Extracto"
731,"0.518738","Bloqueador Extracto"
730,"0.518392","Bloqueador Extracto"
729,"0.517818","Bloqueador Extracto"
728,"0.518606","Bloqueador Extracto"
727,"0.518788","Bloqueador Extracto"
726,"0.519736","Bloqueador Extracto"
725,"0.520144","Bloqueador Extracto"
724,"0.520614","Bloqueador Extracto"
723,"0.520333","Bloqueador Extracto"
722,"0.521454","Bloqueador Extracto"
721,"0.521567","Bloqueador Extracto"
720,"0.521862","Bloqueador Extracto"
719,"0.521928","Bloqueador Extracto"
718,"0.522348","Bloqueador Extracto"
717,"0.522771","Bloqueador Extracto"
716,"0.523468","Bloqueador Extracto"
715,"0.524198","Bloqueador Extracto"
714,"0.523647","Bloqueador Extracto"
713,"0.524178","Bloqueador Extracto"
712,"0.524420","Bloqueador Extracto"
711,"0.523940","Bloqueador Extracto"
710,"0.525553","Bloqueador Extracto"
709,"0.526263","Bloqueador Extracto"
708,"0.526890","Bloqueador Extracto"
707,"0.525784","Bloqueador Extracto"
706,"0.525980","Bloqueador Extracto"
705,"0.527433","Bloqueador Extracto"
704,"0.527388","Bloqueador Extracto"
703,"0.528286","Bloqueador Extracto"
702,"0.527189","Bloqueador Extracto"
701,"0.527867","Bloqueador Extracto"
700,"0.527631","Bloqueador Extracto"
699,"0.529395","Bloqueador Extracto"
698,"0.529456","Bloqueador Extracto"
697,"0.529653","Bloqueador Extracto"
696,"0.530151","Bloqueador Extracto"
695,"0.530290","Bloqueador Extracto"
694,"0.530428","Bloqueador Extracto"
693,"0.530203","Bloqueador Extracto"
692,"0.529944","Bloqueador Extracto"
691,"0.530879","Bloqueador Extracto"
690,"0.531950","Bloqueador Extracto"
689,"0.532777","Bloqueador Extracto"
688,"0.531620","Bloqueador Extracto"
687,"0.531428","Bloqueador Extracto"
686,"0.532064","Bloqueador Extracto"
685,"0.533946","Bloqueador Extracto"
684,"0.533559","Bloqueador Extracto"
683,"0.533635","Bloqueador Extracto"
682,"0.533533","Bloqueador Extracto"
681,"0.533892","Bloqueador Extracto"
680,"0.534308","Bloqueador Extracto"
679,"0.535090","Bloqueador Extracto"
678,"0.536479","Bloqueador Extracto"
677,"0.535107","Bloqueador Extracto"
676,"0.535424","Bloqueador Extracto"
675,"0.534843","Bloqueador Extracto"
674,"0.534911","Bloqueador Extracto"
673,"0.535518","Bloqueador Extracto"
672,"0.536646","Bloqueador Extracto"
671,"0.537496","Bloqueador Extracto"
670,"0.536033","Bloqueador Extracto"
669,"0.536509","Bloqueador Extracto"
668,"0.538102","Bloqueador Extracto"
667,"0.539901","Bloqueador Extracto"
666,"0.538963","Bloqueador Extracto"
665,"0.537124","Bloqueador Extracto"
664,"0.538788","Bloqueador Extracto"
663,"0.539233","Bloqueador Extracto"
662,"0.541019","Bloqueador Extracto"
661,"0.541801","Bloqueador Extracto"
660,"0.539860","Bloqueador Extracto"
659,"0.541210","Bloqueador Extracto"
658,"0.540220","Bloqueador Extracto"
657,"0.542565","Bloqueador Extracto"
656,"0.544336","Bloqueador Extracto"
655,"0.543442","Bloqueador Extracto"
654,"0.542088","Bloqueador Extracto"
653,"0.541314","Bloqueador Extracto"
652,"0.543020","Bloqueador Extracto"
651,"0.544966","Bloqueador Extracto"
650,"0.546301","Bloqueador Extracto"
649,"0.545420","Bloqueador Extracto"
648,"0.544403","Bloqueador Extracto"
647,"0.543905","Bloqueador Extracto"
646,"0.544907","Bloqueador Extracto"
645,"0.547411","Bloqueador Extracto"
644,"0.548385","Bloqueador Extracto"
643,"0.547736","Bloqueador Extracto"
642,"0.546254","Bloqueador Extracto"
641,"0.545990","Bloqueador Extracto"
640,"0.547978","Bloqueador Extracto"
639,"0.549095","Bloqueador Extracto"
638,"0.550346","Bloqueador Extracto"
637,"0.549598","Bloqueador Extracto"
636,"0.549230","Bloqueador Extracto"
635,"0.548769","Bloqueador Extracto"
634,"0.550979","Bloqueador Extracto"
633,"0.552411","Bloqueador Extracto"
632,"0.551514","Bloqueador Extracto"
631,"0.550800","Bloqueador Extracto"
630,"0.551772","Bloqueador Extracto"
629,"0.551109","Bloqueador Extracto"
628,"0.552562","Bloqueador Extracto"
627,"0.553726","Bloqueador Extracto"
626,"0.554971","Bloqueador Extracto"
625,"0.553844","Bloqueador Extracto"
624,"0.554316","Bloqueador Extracto"
623,"0.554380","Bloqueador Extracto"
622,"0.555695","Bloqueador Extracto"
621,"0.554800","Bloqueador Extracto"
620,"0.555272","Bloqueador Extracto"
619,"0.556459","Bloqueador Extracto"
618,"0.555472","Bloqueador Extracto"
617,"0.556439","Bloqueador Extracto"
616,"0.558314","Bloqueador Extracto"
615,"0.558051","Bloqueador Extracto"
614,"0.558263","Bloqueador Extracto"
613,"0.558745","Bloqueador Extracto"
612,"0.558687","Bloqueador Extracto"
611,"0.559585","Bloqueador Extracto"
610,"0.559816","Bloqueador Extracto"
609,"0.560200","Bloqueador Extracto"
608,"0.562451","Bloqueador Extracto"
607,"0.561560","Bloqueador Extracto"
606,"0.560843","Bloqueador Extracto"
605,"0.561412","Bloqueador Extracto"
604,"0.563121","Bloqueador Extracto"
603,"0.563250","Bloqueador Extracto"
602,"0.563492","Bloqueador Extracto"
601,"0.564249","Bloqueador Extracto"
600,"0.561963","Bloqueador Extracto"
599,"0.564447","Bloqueador Extracto"
598,"0.564306","Bloqueador Extracto"
597,"0.565510","Bloqueador Extracto"
596,"0.565436","Bloqueador Extracto"
595,"0.566178","Bloqueador Extracto"
594,"0.566439","Bloqueador Extracto"
593,"0.566091","Bloqueador Extracto"
592,"0.567224","Bloqueador Extracto"
591,"0.567697","Bloqueador Extracto"
590,"0.567312","Bloqueador Extracto"
589,"0.568583","Bloqueador Extracto"
588,"0.568609","Bloqueador Extracto"
587,"0.569098","Bloqueador Extracto"
586,"0.569110","Bloqueador Extracto"
585,"0.570530","Bloqueador Extracto"
584,"0.571966","Bloqueador Extracto"
583,"0.571629","Bloqueador Extracto"
582,"0.571416","Bloqueador Extracto"
581,"0.570784","Bloqueador Extracto"
580,"0.571410","Bloqueador Extracto"
579,"0.575068","Bloqueador Extracto"
578,"0.574701","Bloqueador Extracto"
577,"0.574327","Bloqueador Extracto"
576,"0.574228","Bloqueador Extracto"
575,"0.574390","Bloqueador Extracto"
574,"0.576132","Bloqueador Extracto"
573,"0.576014","Bloqueador Extracto"
572,"0.576684","Bloqueador Extracto"
571,"0.574465","Bloqueador Extracto"
570,"0.578151","Bloqueador Extracto"
569,"0.579038","Bloqueador Extracto"
568,"0.578852","Bloqueador Extracto"
567,"0.579390","Bloqueador Extracto"
566,"0.578680","Bloqueador Extracto"
565,"0.578679","Bloqueador Extracto"
564,"0.579260","Bloqueador Extracto"
563,"0.581526","Bloqueador Extracto"
562,"0.582131","Bloqueador Extracto"
561,"0.582446","Bloqueador Extracto"
560,"0.581366","Bloqueador Extracto"
559,"0.581428","Bloqueador Extracto"
558,"0.583367","Bloqueador Extracto"
557,"0.584376","Bloqueador Extracto"
556,"0.584281","Bloqueador Extracto"
555,"0.584290","Bloqueador Extracto"
554,"0.583876","Bloqueador Extracto"
553,"0.584312","Bloqueador Extracto"
552,"0.586033","Bloqueador Extracto"
551,"0.586304","Bloqueador Extracto"
550,"0.586680","Bloqueador Extracto"
549,"0.585930","Bloqueador Extracto"
548,"0.585857","Bloqueador Extracto"
547,"0.586332","Bloqueador Extracto"
546,"0.587014","Bloqueador Extracto"
545,"0.588323","Bloqueador Extracto"
544,"0.588819","Bloqueador Extracto"
543,"0.587089","Bloqueador Extracto"
542,"0.589482","Bloqueador Extracto"
541,"0.589934","Bloqueador Extracto"
540,"0.590833","Bloqueador Extracto"
539,"0.590632","Bloqueador Extracto"
538,"0.590190","Bloqueador Extracto"
537,"0.590717","Bloqueador Extracto"
536,"0.591678","Bloqueador Extracto"
535,"0.593368","Bloqueador Extracto"
534,"0.592737","Bloqueador Extracto"
533,"0.594272","Bloqueador Extracto"
532,"0.593398","Bloqueador Extracto"
531,"0.593539","Bloqueador Extracto"
530,"0.593398","Bloqueador Extracto"
529,"0.596272","Bloqueador Extracto"
528,"0.595981","Bloqueador Extracto"
527,"0.595717","Bloqueador Extracto"
526,"0.596732","Bloqueador Extracto"
525,"0.597621","Bloqueador Extracto"
524,"0.597458","Bloqueador Extracto"
523,"0.597682","Bloqueador Extracto"
522,"0.598829","Bloqueador Extracto"
521,"0.599240","Bloqueador Extracto"
520,"0.599669","Bloqueador Extracto"
519,"0.600242","Bloqueador Extracto"
518,"0.600533","Bloqueador Extracto"
517,"0.600577","Bloqueador Extracto"
516,"0.601558","Bloqueador Extracto"
515,"0.601260","Bloqueador Extracto"
514,"0.603191","Bloqueador Extracto"
513,"0.602705","Bloqueador Extracto"
512,"0.603442","Bloqueador Extracto"
511,"0.603932","Bloqueador Extracto"
510,"0.603552","Bloqueador Extracto"
509,"0.605551","Bloqueador Extracto"
508,"0.604637","Bloqueador Extracto"
507,"0.606703","Bloqueador Extracto"
506,"0.604963","Bloqueador Extracto"
505,"0.606507","Bloqueador Extracto"
504,"0.605986","Bloqueador Extracto"
503,"0.607760","Bloqueador Extracto"
502,"0.608406","Bloqueador Extracto"
501,"0.609728","Bloqueador Extracto"
500,"0.609886","Bloqueador Extracto"
499,"0.609027","Bloqueador Extracto"
498,"0.609290","Bloqueador Extracto"
497,"0.610881","Bloqueador Extracto"
496,"0.610720","Bloqueador Extracto"
495,"0.611094","Bloqueador Extracto"
494,"0.611699","Bloqueador Extracto"
493,"0.610984","Bloqueador Extracto"
492,"0.613342","Bloqueador Extracto"
491,"0.613971","Bloqueador Extracto"
490,"0.614565","Bloqueador Extracto"
489,"0.614190","Bloqueador Extracto"
488,"0.614685","Bloqueador Extracto"
487,"0.616028","Bloqueador Extracto"
486,"0.616699","Bloqueador Extracto"
485,"0.616866","Bloqueador Extracto"
484,"0.617606","Bloqueador Extracto"
483,"0.617401","Bloqueador Extracto"
482,"0.618722","Bloqueador Extracto"
481,"0.619998","Bloqueador Extracto"
480,"0.620443","Bloqueador Extracto"
479,"0.621098","Bloqueador Extracto"
478,"0.622214","Bloqueador Extracto"
477,"0.620561","Bloqueador Extracto"
476,"0.620587","Bloqueador Extracto"
475,"0.622207","Bloqueador Extracto"
474,"0.624019","Bloqueador Extracto"
473,"0.624087","Bloqueador Extracto"
472,"0.625280","Bloqueador Extracto"
471,"0.625003","Bloqueador Extracto"
470,"0.625251","Bloqueador Extracto"
469,"0.624801","Bloqueador Extracto"
468,"0.627458","Bloqueador Extracto"
467,"0.627688","Bloqueador Extracto"
466,"0.628141","Bloqueador Extracto"
465,"0.627940","Bloqueador Extracto"
464,"0.628235","Bloqueador Extracto"
463,"0.629312","Bloqueador Extracto"
462,"0.630610","Bloqueador Extracto"
461,"0.629874","Bloqueador Extracto"
460,"0.631409","Bloqueador Extracto"
459,"0.631422","Bloqueador Extracto"
458,"0.631997","Bloqueador Extracto"
457,"0.633209","Bloqueador Extracto"
456,"0.634229","Bloqueador Extracto"
455,"0.633047","Bloqueador Extracto"
454,"0.635393","Bloqueador Extracto"
453,"0.635676","Bloqueador Extracto"
452,"0.636593","Bloqueador Extracto"
451,"0.635397","Bloqueador Extracto"
450,"0.636159","Bloqueador Extracto"
449,"0.638044","Bloqueador Extracto"
448,"0.637979","Bloqueador Extracto"
447,"0.637879","Bloqueador Extracto"
446,"0.637024","Bloqueador Extracto"
445,"0.639599","Bloqueador Extracto"
444,"0.641221","Bloqueador Extracto"
443,"0.641383","Bloqueador Extracto"
442,"0.641435","Bloqueador Extracto"
441,"0.641710","Bloqueador Extracto"
440,"0.640808","Bloqueador Extracto"
439,"0.643890","Bloqueador Extracto"
438,"0.643874","Bloqueador Extracto"
437,"0.643292","Bloqueador Extracto"
436,"0.644125","Bloqueador Extracto"
435,"0.643461","Bloqueador Extracto"
434,"0.646760","Bloqueador Extracto"
433,"0.648898","Bloqueador Extracto"
432,"0.649100","Bloqueador Extracto"
431,"0.647199","Bloqueador Extracto"
430,"0.649307","Bloqueador Extracto"
429,"0.650494","Bloqueador Extracto"
428,"0.649949","Bloqueador Extracto"
427,"0.651974","Bloqueador Extracto"
426,"0.652263","Bloqueador Extracto"
425,"0.649826","Bloqueador Extracto"
424,"0.650620","Bloqueador Extracto"
423,"0.652334","Bloqueador Extracto"
422,"0.653239","Bloqueador Extracto"
421,"0.653960","Bloqueador Extracto"
420,"0.654790","Bloqueador Extracto"
419,"0.656653","Bloqueador Extracto"
418,"0.657913","Bloqueador Extracto"
417,"0.657591","Bloqueador Extracto"
416,"0.658606","Bloqueador Extracto"
415,"0.661050","Bloqueador Extracto"
414,"0.660727","Bloqueador Extracto"
413,"0.661938","Bloqueador Extracto"
412,"0.660897","Bloqueador Extracto"
411,"0.662735","Bloqueador Extracto"
410,"0.665400","Bloqueador Extracto"
409,"0.664637","Bloqueador Extracto"
408,"0.664389","Bloqueador Extracto"
407,"0.665861","Bloqueador Extracto"
406,"0.665038","Bloqueador Extracto"
405,"0.667329","Bloqueador Extracto"
404,"0.668955","Bloqueador Extracto"
403,"0.667905","Bloqueador Extracto"
402,"0.668473","Bloqueador Extracto"
401,"0.670054","Bloqueador Extracto"
400,"0.669390","Bloqueador Extracto"
399,"0.672348","Bloqueador Extracto"
398,"0.672330","Bloqueador Extracto"
397,"0.673934","Bloqueador Extracto"
396,"0.674169","Bloqueador Extracto"
395,"0.673573","Bloqueador Extracto"
394,"0.674557","Bloqueador Extracto"
393,"0.676428","Bloqueador Extracto"
392,"0.677667","Bloqueador Extracto"
391,"0.676681","Bloqueador Extracto"
390,"0.677010","Bloqueador Extracto"
389,"0.679388","Bloqueador Extracto"
388,"0.678801","Bloqueador Extracto"
387,"0.680783","Bloqueador Extracto"
386,"0.683423","Bloqueador Extracto"
385,"0.681307","Bloqueador Extracto"
384,"0.681041","Bloqueador Extracto"
383,"0.682538","Bloqueador Extracto"
382,"0.683168","Bloqueador Extracto"
381,"0.685509","Bloqueador Extracto"
380,"0.687298","Bloqueador Extracto"
379,"0.686184","Bloqueador Extracto"
378,"0.685239","Bloqueador Extracto"
377,"0.686162","Bloqueador Extracto"
376,"0.687458","Bloqueador Extracto"
375,"0.691339","Bloqueador Extracto"
374,"0.691349","Bloqueador Extracto"
373,"0.692614","Bloqueador Extracto"
372,"0.692398","Bloqueador Extracto"
371,"0.704440","Bloqueador Extracto"
370,"0.704994","Bloqueador Extracto"
369,"0.706340","Bloqueador Extracto"
368,"0.705085","Bloqueador Extracto"
367,"0.704608","Bloqueador Extracto"
366,"0.705864","Bloqueador Extracto"
365,"0.704006","Bloqueador Extracto"
364,"0.707297","Bloqueador Extracto"
363,"0.712187","Bloqueador Extracto"
362,"0.709295","Bloqueador Extracto"
361,"0.710019","Bloqueador Extracto"
360,"0.709320","Bloqueador Extracto"
359,"0.712328","Bloqueador Extracto"
358,"0.714237","Bloqueador Extracto"
357,"0.716948","Bloqueador Extracto"
356,"0.717511","Bloqueador Extracto"
355,"0.717828","Bloqueador Extracto"
354,"0.717473","Bloqueador Extracto"
353,"0.715792","Bloqueador Extracto"
352,"0.721420","Bloqueador Extracto"
351,"0.722153","Bloqueador Extracto"
350,"0.723744","Bloqueador Extracto"
349,"0.724918","Bloqueador Extracto"
348,"0.722212","Bloqueador Extracto"
347,"0.726491","Bloqueador Extracto"
346,"0.725867","Bloqueador Extracto"
345,"0.728557","Bloqueador Extracto"
344,"0.730663","Bloqueador Extracto"
343,"0.731603","Bloqueador Extracto"
342,"0.729791","Bloqueador Extracto"
341,"0.730836","Bloqueador Extracto"
340,"0.734443","Bloqueador Extracto"
339,"0.733611","Bloqueador Extracto"
338,"0.735564","Bloqueador Extracto"
337,"0.735257","Bloqueador Extracto"
336,"0.734314","Bloqueador Extracto"
335,"0.741076","Bloqueador Extracto"
334,"0.738209","Bloqueador Extracto"
333,"0.744612","Bloqueador Extracto"
332,"0.746732","Bloqueador Extracto"
331,"0.747309","Bloqueador Extracto"
330,"0.750485","Bloqueador Extracto"
329,"0.750556","Bloqueador Extracto"
328,"0.752713","Bloqueador Extracto"
327,"0.754494","Bloqueador Extracto"
326,"0.761449","Bloqueador Extracto"
325,"0.762961","Bloqueador Extracto"
324,"0.763105","Bloqueador Extracto"
323,"0.765750","Bloqueador Extracto"
322,"0.771344","Bloqueador Extracto"
321,"0.771885","Bloqueador Extracto"
320,"0.776670","Bloqueador Extracto"
319,"0.780625","Bloqueador Extracto"
318,"0.781193","Bloqueador Extracto"
317,"0.790201","Bloqueador Extracto"
316,"0.791252","Bloqueador Extracto"
315,"0.799277","Bloqueador Extracto"
314,"0.801730","Bloqueador Extracto"
313,"0.808686","Bloqueador Extracto"
312,"0.814368","Bloqueador Extracto"
311,"0.820046","Bloqueador Extracto"
310,"0.830408","Bloqueador Extracto"
309,"0.839506","Bloqueador Extracto"
308,"0.850809","Bloqueador Extracto"
307,"0.861253","Bloqueador Extracto"
306,"0.873199","Bloqueador Extracto"
305,"0.888464","Bloqueador Extracto"
304,"0.899061","Bloqueador Extracto"
303,"0.907918","Bloqueador Extracto"
302,"0.921592","Bloqueador Extracto"
301,"0.924348","Bloqueador Extracto"
300,"0.935924","Bloqueador Extracto"
299,"0.942603","Bloqueador Extracto"
298,"0.951785","Bloqueador Extracto"
297,"0.956463","Bloqueador Extracto"
296,"0.960758","Bloqueador Extracto"
295,"0.968996","Bloqueador Extracto"
294,"0.964065","Bloqueador Extracto"
293,"0.944837","Bloqueador Extracto"
292,"0.914497","Bloqueador Extracto"
291,"0.872314","Bloqueador Extracto"
290,"0.831746","Bloqueador Extracto"
289,"0.825810","Bloqueador Extracto"
288,"0.822857","Bloqueador Extracto"
287,"0.810260","Bloqueador Extracto"
286,"0.811758","Bloqueador Extracto"
285,"0.806720","Bloqueador Extracto"
284,"0.805545","Bloqueador Extracto"
283,"0.804912","Bloqueador Extracto"
282,"0.807682","Bloqueador Extracto"
281,"0.800231","Bloqueador Extracto"
280,"0.804684","Bloqueador Extracto"
279,"0.791617","Bloqueador Extracto"
278,"0.800150","Bloqueador Extracto"
277,"0.791374","Bloqueador Extracto"
276,"0.795262","Bloqueador Extracto"
275,"0.780128","Bloqueador Extracto"
274,"0.785704","Bloqueador Extracto"
273,"0.773738","Bloqueador Extracto"
272,"0.773562","Bloqueador Extracto"
271,"0.784663","Bloqueador Extracto"
270,"0.782901","Bloqueador Extracto"
269,"0.783024","Bloqueador Extracto"
268,"0.769348","Bloqueador Extracto"
267,"0.770483","Bloqueador Extracto"
266,"0.762153","Bloqueador Extracto"
265,"0.773213","Bloqueador Extracto"
264,"0.778238","Bloqueador Extracto"
263,"0.769827","Bloqueador Extracto"
262,"0.764327","Bloqueador Extracto"
261,"0.751011","Bloqueador Extracto"
260,"0.753634","Bloqueador Extracto"
259,"0.741537","Bloqueador Extracto"
258,"0.748564","Bloqueador Extracto"
257,"0.752690","Bloqueador Extracto"
256,"0.748405","Bloqueador Extracto"
255,"0.741217","Bloqueador Extracto"
254,"0.742337","Bloqueador Extracto"
253,"0.736720","Bloqueador Extracto"
252,"0.740198","Bloqueador Extracto"
251,"0.738473","Bloqueador Extracto"
250,"0.723678","Bloqueador Extracto"
249,"0.653462","Bloqueador Extracto"
248,"0.647442","Bloqueador Extracto"
247,"0.651477","Bloqueador Extracto"
246,"0.663026","Bloqueador Extracto"
245,"0.647259","Bloqueador Extracto"
244,"0.640539","Bloqueador Extracto"
243,"0.630378","Bloqueador Extracto"
242,"0.639837","Bloqueador Extracto"
241,"0.641283","Bloqueador Extracto"
240,"0.627664","Bloqueador Extracto"
239,"0.640507","Bloqueador Extracto"
238,"0.638501","Bloqueador Extracto"
237,"0.632082","Bloqueador Extracto"
236,"0.631353","Bloqueador Extracto"
235,"0.628139","Bloqueador Extracto"
234,"0.625352","Bloqueador Extracto"
233,"0.621522","Bloqueador Extracto"
232,"0.614105","Bloqueador Extracto"
231,"0.614394","Bloqueador Extracto"
230,"0.605555","Bloqueador Extracto"
229,"0.628986","Bloqueador Extracto"
228,"0.615591","Bloqueador Extracto"
227,"0.619168","Bloqueador Extracto"
226,"0.611973","Bloqueador Extracto"
225,"0.620719","Bloqueador Extracto"
224,"0.613839","Bloqueador Extracto"
223,"0.627859","Bloqueador Extracto"
222,"0.607710","Bloqueador Extracto"
221,"0.612861","Bloqueador Extracto"
220,"0.612595","Bloqueador Extracto"
219,"0.590658","Bloqueador Extracto"
218,"0.599839","Bloqueador Extracto"
217,"0.613748","Bloqueador Extracto"
216,"0.608021","Bloqueador Extracto"
215,"0.613067","Bloqueador Extracto"
214,"0.616010","Bloqueador Extracto"
213,"0.587829","Bloqueador Extracto"
212,"0.620443","Bloqueador Extracto"
211,"0.599716","Bloqueador Extracto"
210,"0.607365","Bloqueador Extracto"
209,"0.603438","Bloqueador Extracto"
208,"0.593572","Bloqueador Extracto"
207,"0.585725","Bloqueador Extracto"
206,"0.604715","Bloqueador Extracto"
205,"0.590045","Bloqueador Extracto"
204,"0.592527","Bloqueador Extracto"
203,"0.579474","Bloqueador Extracto"
202,"0.577722","Bloqueador Extracto"
201,"0.585757","Bloqueador Extracto"
200,"0.574716","Bloqueador Extracto"
749,"0.181783","Bloqueador Control"
748,"0.182784","Bloqueador Control"
747,"0.180368","Bloqueador Control"
746,"0.181079","Bloqueador Control"
745,"0.180726","Bloqueador Control"
744,"0.182073","Bloqueador Control"
743,"0.182390","Bloqueador Control"
742,"0.182857","Bloqueador Control"
741,"0.182758","Bloqueador Control"
740,"0.183008","Bloqueador Control"
739,"0.183079","Bloqueador Control"
738,"0.183563","Bloqueador Control"
737,"0.184935","Bloqueador Control"
736,"0.181543","Bloqueador Control"
735,"0.182710","Bloqueador Control"
734,"0.183140","Bloqueador Control"
733,"0.183392","Bloqueador Control"
732,"0.184142","Bloqueador Control"
731,"0.184351","Bloqueador Control"
730,"0.183465","Bloqueador Control"
729,"0.183996","Bloqueador Control"
728,"0.183683","Bloqueador Control"
727,"0.184152","Bloqueador Control"
726,"0.184625","Bloqueador Control"
725,"0.184282","Bloqueador Control"
724,"0.184640","Bloqueador Control"
723,"0.185542","Bloqueador Control"
722,"0.185790","Bloqueador Control"
721,"0.185489","Bloqueador Control"
720,"0.185512","Bloqueador Control"
719,"0.184998","Bloqueador Control"
718,"0.185692","Bloqueador Control"
717,"0.185711","Bloqueador Control"
716,"0.184899","Bloqueador Control"
715,"0.185971","Bloqueador Control"
714,"0.184768","Bloqueador Control"
713,"0.186659","Bloqueador Control"
712,"0.186001","Bloqueador Control"
711,"0.187612","Bloqueador Control"
710,"0.187892","Bloqueador Control"
709,"0.187222","Bloqueador Control"
708,"0.186817","Bloqueador Control"
707,"0.187814","Bloqueador Control"
706,"0.187388","Bloqueador Control"
705,"0.188783","Bloqueador Control"
704,"0.187800","Bloqueador Control"
703,"0.186649","Bloqueador Control"
702,"0.187967","Bloqueador Control"
701,"0.188329","Bloqueador Control"
700,"0.187079","Bloqueador Control"
699,"0.186667","Bloqueador Control"
698,"0.187794","Bloqueador Control"
697,"0.187873","Bloqueador Control"
696,"0.188595","Bloqueador Control"
695,"0.189484","Bloqueador Control"
694,"0.190568","Bloqueador Control"
693,"0.188610","Bloqueador Control"
692,"0.187711","Bloqueador Control"
691,"0.189265","Bloqueador Control"
690,"0.193317","Bloqueador Control"
689,"0.191565","Bloqueador Control"
688,"0.190248","Bloqueador Control"
687,"0.189008","Bloqueador Control"
686,"0.188831","Bloqueador Control"
685,"0.190161","Bloqueador Control"
684,"0.191267","Bloqueador Control"
683,"0.191752","Bloqueador Control"
682,"0.191799","Bloqueador Control"
681,"0.191052","Bloqueador Control"
680,"0.190437","Bloqueador Control"
679,"0.192745","Bloqueador Control"
678,"0.194295","Bloqueador Control"
677,"0.193341","Bloqueador Control"
676,"0.192604","Bloqueador Control"
675,"0.190769","Bloqueador Control"
674,"0.191450","Bloqueador Control"
673,"0.191876","Bloqueador Control"
672,"0.194706","Bloqueador Control"
671,"0.194794","Bloqueador Control"
670,"0.194222","Bloqueador Control"
669,"0.191165","Bloqueador Control"
668,"0.194178","Bloqueador Control"
667,"0.196664","Bloqueador Control"
666,"0.196669","Bloqueador Control"
665,"0.194717","Bloqueador Control"
664,"0.194587","Bloqueador Control"
663,"0.193336","Bloqueador Control"
662,"0.195233","Bloqueador Control"
661,"0.197439","Bloqueador Control"
660,"0.195308","Bloqueador Control"
659,"0.196269","Bloqueador Control"
658,"0.194842","Bloqueador Control"
657,"0.196502","Bloqueador Control"
656,"0.197419","Bloqueador Control"
655,"0.196991","Bloqueador Control"
654,"0.197151","Bloqueador Control"
653,"0.195751","Bloqueador Control"
652,"0.197271","Bloqueador Control"
651,"0.196793","Bloqueador Control"
650,"0.197179","Bloqueador Control"
649,"0.198196","Bloqueador Control"
648,"0.197243","Bloqueador Control"
647,"0.197816","Bloqueador Control"
646,"0.196174","Bloqueador Control"
645,"0.197142","Bloqueador Control"
644,"0.198890","Bloqueador Control"
643,"0.199761","Bloqueador Control"
642,"0.198316","Bloqueador Control"
641,"0.198055","Bloqueador Control"
640,"0.198430","Bloqueador Control"
639,"0.198706","Bloqueador Control"
638,"0.199210","Bloqueador Control"
637,"0.199395","Bloqueador Control"
636,"0.199831","Bloqueador Control"
635,"0.199168","Bloqueador Control"
634,"0.199786","Bloqueador Control"
633,"0.200437","Bloqueador Control"
632,"0.199532","Bloqueador Control"
631,"0.199467","Bloqueador Control"
630,"0.200803","Bloqueador Control"
629,"0.200057","Bloqueador Control"
628,"0.199986","Bloqueador Control"
627,"0.200568","Bloqueador Control"
626,"0.201068","Bloqueador Control"
625,"0.201948","Bloqueador Control"
624,"0.202988","Bloqueador Control"
623,"0.201201","Bloqueador Control"
622,"0.202407","Bloqueador Control"
621,"0.199202","Bloqueador Control"
620,"0.200867","Bloqueador Control"
619,"0.203839","Bloqueador Control"
618,"0.202696","Bloqueador Control"
617,"0.203324","Bloqueador Control"
616,"0.202334","Bloqueador Control"
615,"0.203151","Bloqueador Control"
614,"0.202971","Bloqueador Control"
613,"0.203734","Bloqueador Control"
612,"0.204069","Bloqueador Control"
611,"0.204438","Bloqueador Control"
610,"0.203699","Bloqueador Control"
609,"0.203059","Bloqueador Control"
608,"0.204544","Bloqueador Control"
607,"0.206327","Bloqueador Control"
606,"0.204541","Bloqueador Control"
605,"0.203023","Bloqueador Control"
604,"0.204762","Bloqueador Control"
603,"0.205581","Bloqueador Control"
602,"0.206213","Bloqueador Control"
601,"0.206880","Bloqueador Control"
600,"0.205572","Bloqueador Control"
599,"0.206562","Bloqueador Control"
598,"0.205962","Bloqueador Control"
597,"0.205273","Bloqueador Control"
596,"0.205795","Bloqueador Control"
595,"0.207371","Bloqueador Control"
594,"0.207435","Bloqueador Control"
593,"0.207238","Bloqueador Control"
592,"0.207103","Bloqueador Control"
591,"0.207848","Bloqueador Control"
590,"0.207625","Bloqueador Control"
589,"0.209316","Bloqueador Control"
588,"0.207857","Bloqueador Control"
587,"0.208203","Bloqueador Control"
586,"0.207530","Bloqueador Control"
585,"0.208628","Bloqueador Control"
584,"0.211039","Bloqueador Control"
583,"0.210840","Bloqueador Control"
582,"0.209214","Bloqueador Control"
581,"0.208175","Bloqueador Control"
580,"0.208324","Bloqueador Control"
579,"0.211893","Bloqueador Control"
578,"0.212143","Bloqueador Control"
577,"0.212458","Bloqueador Control"
576,"0.211394","Bloqueador Control"
575,"0.209074","Bloqueador Control"
574,"0.210547","Bloqueador Control"
573,"0.212190","Bloqueador Control"
572,"0.212745","Bloqueador Control"
571,"0.212303","Bloqueador Control"
570,"0.213250","Bloqueador Control"
569,"0.213557","Bloqueador Control"
568,"0.212098","Bloqueador Control"
567,"0.212638","Bloqueador Control"
566,"0.212340","Bloqueador Control"
565,"0.213626","Bloqueador Control"
564,"0.214329","Bloqueador Control"
563,"0.214592","Bloqueador Control"
562,"0.214044","Bloqueador Control"
561,"0.215666","Bloqueador Control"
560,"0.214751","Bloqueador Control"
559,"0.215211","Bloqueador Control"
558,"0.215766","Bloqueador Control"
557,"0.215189","Bloqueador Control"
556,"0.216002","Bloqueador Control"
555,"0.217138","Bloqueador Control"
554,"0.215589","Bloqueador Control"
553,"0.216150","Bloqueador Control"
552,"0.217549","Bloqueador Control"
551,"0.218695","Bloqueador Control"
550,"0.217222","Bloqueador Control"
549,"0.217055","Bloqueador Control"
548,"0.217123","Bloqueador Control"
547,"0.216306","Bloqueador Control"
546,"0.217774","Bloqueador Control"
545,"0.219821","Bloqueador Control"
544,"0.218214","Bloqueador Control"
543,"0.216730","Bloqueador Control"
542,"0.218818","Bloqueador Control"
541,"0.218268","Bloqueador Control"
540,"0.220159","Bloqueador Control"
539,"0.219719","Bloqueador Control"
538,"0.218385","Bloqueador Control"
537,"0.217891","Bloqueador Control"
536,"0.220408","Bloqueador Control"
535,"0.221825","Bloqueador Control"
534,"0.219471","Bloqueador Control"
533,"0.221128","Bloqueador Control"
532,"0.220654","Bloqueador Control"
531,"0.219897","Bloqueador Control"
530,"0.220756","Bloqueador Control"
529,"0.221097","Bloqueador Control"
528,"0.221404","Bloqueador Control"
527,"0.223054","Bloqueador Control"
526,"0.220303","Bloqueador Control"
525,"0.223787","Bloqueador Control"
524,"0.224566","Bloqueador Control"
523,"0.223962","Bloqueador Control"
522,"0.225066","Bloqueador Control"
521,"0.225264","Bloqueador Control"
520,"0.223361","Bloqueador Control"
519,"0.223065","Bloqueador Control"
518,"0.224734","Bloqueador Control"
517,"0.226244","Bloqueador Control"
516,"0.227309","Bloqueador Control"
515,"0.226108","Bloqueador Control"
514,"0.228062","Bloqueador Control"
513,"0.226792","Bloqueador Control"
512,"0.227627","Bloqueador Control"
511,"0.227460","Bloqueador Control"
510,"0.226611","Bloqueador Control"
509,"0.227679","Bloqueador Control"
508,"0.227431","Bloqueador Control"
507,"0.228911","Bloqueador Control"
506,"0.227584","Bloqueador Control"
505,"0.228962","Bloqueador Control"
504,"0.228670","Bloqueador Control"
503,"0.231353","Bloqueador Control"
502,"0.230433","Bloqueador Control"
501,"0.231532","Bloqueador Control"
500,"0.230540","Bloqueador Control"
499,"0.228695","Bloqueador Control"
498,"0.231915","Bloqueador Control"
497,"0.231522","Bloqueador Control"
496,"0.231140","Bloqueador Control"
495,"0.231871","Bloqueador Control"
494,"0.231961","Bloqueador Control"
493,"0.231505","Bloqueador Control"
492,"0.231273","Bloqueador Control"
491,"0.232464","Bloqueador Control"
490,"0.234450","Bloqueador Control"
489,"0.233958","Bloqueador Control"
488,"0.233057","Bloqueador Control"
487,"0.232453","Bloqueador Control"
486,"0.234093","Bloqueador Control"
485,"0.233833","Bloqueador Control"
484,"0.232578","Bloqueador Control"
483,"0.235878","Bloqueador Control"
482,"0.237454","Bloqueador Control"
481,"0.237251","Bloqueador Control"
480,"0.237844","Bloqueador Control"
479,"0.238357","Bloqueador Control"
478,"0.238846","Bloqueador Control"
477,"0.237527","Bloqueador Control"
476,"0.238364","Bloqueador Control"
475,"0.239562","Bloqueador Control"
474,"0.239779","Bloqueador Control"
473,"0.240655","Bloqueador Control"
472,"0.240934","Bloqueador Control"
471,"0.241304","Bloqueador Control"
470,"0.240915","Bloqueador Control"
469,"0.239642","Bloqueador Control"
468,"0.242273","Bloqueador Control"
467,"0.242308","Bloqueador Control"
466,"0.242460","Bloqueador Control"
465,"0.243330","Bloqueador Control"
464,"0.244271","Bloqueador Control"
463,"0.243840","Bloqueador Control"
462,"0.244638","Bloqueador Control"
461,"0.242590","Bloqueador Control"
460,"0.242041","Bloqueador Control"
459,"0.244314","Bloqueador Control"
458,"0.245604","Bloqueador Control"
457,"0.246016","Bloqueador Control"
456,"0.245574","Bloqueador Control"
455,"0.245599","Bloqueador Control"
454,"0.248164","Bloqueador Control"
453,"0.248938","Bloqueador Control"
452,"0.247532","Bloqueador Control"
451,"0.246445","Bloqueador Control"
450,"0.247391","Bloqueador Control"
449,"0.249159","Bloqueador Control"
448,"0.247745","Bloqueador Control"
447,"0.248053","Bloqueador Control"
446,"0.246994","Bloqueador Control"
445,"0.249921","Bloqueador Control"
444,"0.251759","Bloqueador Control"
443,"0.252378","Bloqueador Control"
442,"0.253162","Bloqueador Control"
441,"0.251450","Bloqueador Control"
440,"0.252460","Bloqueador Control"
439,"0.252035","Bloqueador Control"
438,"0.252887","Bloqueador Control"
437,"0.254163","Bloqueador Control"
436,"0.254686","Bloqueador Control"
435,"0.252633","Bloqueador Control"
434,"0.255931","Bloqueador Control"
433,"0.256960","Bloqueador Control"
432,"0.258539","Bloqueador Control"
431,"0.257541","Bloqueador Control"
430,"0.259768","Bloqueador Control"
429,"0.260331","Bloqueador Control"
428,"0.259266","Bloqueador Control"
427,"0.261027","Bloqueador Control"
426,"0.261505","Bloqueador Control"
425,"0.258250","Bloqueador Control"
424,"0.259206","Bloqueador Control"
423,"0.262343","Bloqueador Control"
422,"0.262915","Bloqueador Control"
421,"0.264776","Bloqueador Control"
420,"0.266488","Bloqueador Control"
419,"0.268932","Bloqueador Control"
418,"0.271715","Bloqueador Control"
417,"0.274240","Bloqueador Control"
416,"0.277977","Bloqueador Control"
415,"0.282844","Bloqueador Control"
414,"0.287668","Bloqueador Control"
413,"0.293459","Bloqueador Control"
412,"0.296746","Bloqueador Control"
411,"0.305196","Bloqueador Control"
410,"0.313667","Bloqueador Control"
409,"0.326690","Bloqueador Control"
408,"0.338366","Bloqueador Control"
407,"0.359072","Bloqueador Control"
406,"0.381255","Bloqueador Control"
405,"0.411838","Bloqueador Control"
404,"0.443132","Bloqueador Control"
403,"0.490309","Bloqueador Control"
402,"0.547969","Bloqueador Control"
401,"0.620517","Bloqueador Control"
400,"0.709174","Bloqueador Control"
399,"0.818006","Bloqueador Control"
398,"0.951086","Bloqueador Control"
397,"1.108834","Bloqueador Control"
396,"1.297817","Bloqueador Control"
395,"1.516955","Bloqueador Control"
394,"1.707836","Bloqueador Control"
393,"1.893832","Bloqueador Control"
392,"2.077865","Bloqueador Control"
391,"2.066491","Bloqueador Control"
390,"2.036264","Bloqueador Control"
389,"2.093872","Bloqueador Control"
388,"2.137954","Bloqueador Control"
387,"2.131305","Bloqueador Control"
386,"2.122650","Bloqueador Control"
385,"2.124240","Bloqueador Control"
384,"2.109997","Bloqueador Control"
383,"2.100694","Bloqueador Control"
382,"2.100776","Bloqueador Control"
381,"2.130314","Bloqueador Control"
380,"2.117452","Bloqueador Control"
379,"2.157851","Bloqueador Control"
378,"2.220216","Bloqueador Control"
377,"2.223584","Bloqueador Control"
376,"2.164095","Bloqueador Control"
375,"2.138226","Bloqueador Control"
374,"2.126350","Bloqueador Control"
373,"2.132280","Bloqueador Control"
372,"2.175002","Bloqueador Control"
371,"2.651706","Bloqueador Control"
370,"2.629591","Bloqueador Control"
369,"2.651248","Bloqueador Control"
368,"2.684349","Bloqueador Control"
367,"2.688943","Bloqueador Control"
366,"2.682662","Bloqueador Control"
365,"2.719497","Bloqueador Control"
364,"2.753308","Bloqueador Control"
363,"2.880948","Bloqueador Control"
362,"2.775109","Bloqueador Control"
361,"2.878069","Bloqueador Control"
360,"2.798182","Bloqueador Control"
359,"2.802742","Bloqueador Control"
358,"2.883393","Bloqueador Control"
357,"2.801474","Bloqueador Control"
356,"2.769919","Bloqueador Control"
355,"2.722782","Bloqueador Control"
354,"2.764800","Bloqueador Control"
353,"2.677240","Bloqueador Control"
352,"2.684147","Bloqueador Control"
351,"2.673911","Bloqueador Control"
350,"2.681067","Bloqueador Control"
349,"2.643568","Bloqueador Control"
348,"2.675916","Bloqueador Control"
347,"2.721906","Bloqueador Control"
346,"2.742028","Bloqueador Control"
345,"2.759319","Bloqueador Control"
344,"2.710348","Bloqueador Control"
343,"2.664333","Bloqueador Control"
342,"2.682868","Bloqueador Control"
341,"2.658945","Bloqueador Control"
340,"2.668281","Bloqueador Control"
339,"2.705501","Bloqueador Control"
338,"2.704814","Bloqueador Control"
337,"2.685260","Bloqueador Control"
336,"2.704364","Bloqueador Control"
335,"2.709895","Bloqueador Control"
334,"2.746826","Bloqueador Control"
333,"2.728240","Bloqueador Control"
332,"2.686954","Bloqueador Control"
331,"2.682907","Bloqueador Control"
330,"2.679194","Bloqueador Control"
329,"2.693280","Bloqueador Control"
328,"2.709829","Bloqueador Control"
327,"2.775569","Bloqueador Control"
326,"2.775517","Bloqueador Control"
325,"2.819658","Bloqueador Control"
324,"2.830540","Bloqueador Control"
323,"2.721164","Bloqueador Control"
322,"2.693380","Bloqueador Control"
321,"2.700525","Bloqueador Control"
320,"2.758563","Bloqueador Control"
319,"2.772317","Bloqueador Control"
318,"2.728569","Bloqueador Control"
317,"2.760381","Bloqueador Control"
316,"2.802289","Bloqueador Control"
315,"2.900813","Bloqueador Control"
314,"2.812721","Bloqueador Control"
313,"2.828649","Bloqueador Control"
312,"2.892043","Bloqueador Control"
311,"2.915193","Bloqueador Control"
310,"2.901036","Bloqueador Control"
309,"2.927963","Bloqueador Control"
308,"2.868250","Bloqueador Control"
307,"2.828493","Bloqueador Control"
306,"2.852114","Bloqueador Control"
305,"2.851399","Bloqueador Control"
304,"2.838827","Bloqueador Control"
303,"2.883714","Bloqueador Control"
302,"2.921550","Bloqueador Control"
301,"2.902907","Bloqueador Control"
300,"2.908755","Bloqueador Control"
299,"2.887678","Bloqueador Control"
298,"2.938424","Bloqueador Control"
297,"2.895958","Bloqueador Control"
296,"2.691359","Bloqueador Control"
295,"2.593522","Bloqueador Control"
294,"2.340975","Bloqueador Control"
293,"2.019631","Bloqueador Control"
292,"1.769469","Bloqueador Control"
291,"1.576214","Bloqueador Control"
290,"1.427458","Bloqueador Control"
289,"1.375700","Bloqueador Control"
288,"1.357602","Bloqueador Control"
287,"1.329578","Bloqueador Control"
286,"1.289014","Bloqueador Control"
285,"1.285423","Bloqueador Control"
284,"1.282207","Bloqueador Control"
283,"1.250379","Bloqueador Control"
282,"1.255661","Bloqueador Control"
281,"1.215817","Bloqueador Control"
280,"1.228026","Bloqueador Control"
279,"1.198164","Bloqueador Control"
278,"1.181696","Bloqueador Control"
277,"1.171055","Bloqueador Control"
276,"1.135334","Bloqueador Control"
275,"1.115329","Bloqueador Control"
274,"1.115180","Bloqueador Control"
273,"1.100960","Bloqueador Control"
272,"1.085747","Bloqueador Control"
271,"1.073461","Bloqueador Control"
270,"1.066881","Bloqueador Control"
269,"1.055963","Bloqueador Control"
268,"1.003251","Bloqueador Control"
267,"1.016843","Bloqueador Control"
266,"1.002961","Bloqueador Control"
265,"0.991300","Bloqueador Control"
264,"0.970556","Bloqueador Control"
263,"0.969096","Bloqueador Control"
262,"0.953253","Bloqueador Control"
261,"0.937982","Bloqueador Control"
260,"0.945249","Bloqueador Control"
259,"0.895113","Bloqueador Control"
258,"0.914283","Bloqueador Control"
257,"0.888920","Bloqueador Control"
256,"0.877260","Bloqueador Control"
255,"0.856452","Bloqueador Control"
254,"0.857796","Bloqueador Control"
253,"0.838461","Bloqueador Control"
252,"0.832011","Bloqueador Control"
251,"0.825756","Bloqueador Control"
250,"0.807033","Bloqueador Control"
249,"0.472578","Bloqueador Control"
248,"0.460755","Bloqueador Control"
247,"0.449559","Bloqueador Control"
246,"0.469540","Bloqueador Control"
245,"0.445712","Bloqueador Control"
244,"0.445263","Bloqueador Control"
243,"0.433584","Bloqueador Control"
242,"0.442838","Bloqueador Control"
241,"0.439876","Bloqueador Control"
240,"0.419345","Bloqueador Control"
239,"0.421109","Bloqueador Control"
238,"0.424961","Bloqueador Control"
237,"0.425806","Bloqueador Control"
236,"0.416570","Bloqueador Control"
235,"0.410356","Bloqueador Control"
234,"0.410854","Bloqueador Control"
233,"0.397942","Bloqueador Control"
232,"0.388419","Bloqueador Control"
231,"0.397535","Bloqueador Control"
230,"0.371120","Bloqueador Control"
229,"0.391507","Bloqueador Control"
228,"0.386295","Bloqueador Control"
227,"0.380744","Bloqueador Control"
226,"0.370628","Bloqueador Control"
225,"0.385998","Bloqueador Control"
224,"0.354518","Bloqueador Control"
223,"0.368458","Bloqueador Control"
222,"0.365854","Bloqueador Control"
221,"0.353665","Bloqueador Control"
220,"0.352983","Bloqueador Control"
219,"0.347813","Bloqueador Control"
218,"0.358195","Bloqueador Control"
217,"0.354394","Bloqueador Control"
216,"0.350830","Bloqueador Control"
215,"0.344452","Bloqueador Control"
214,"0.349804","Bloqueador Control"
213,"0.329281","Bloqueador Control"
212,"0.341170","Bloqueador Control"
211,"0.333384","Bloqueador Control"
210,"0.337414","Bloqueador Control"
209,"0.341355","Bloqueador Control"
208,"0.332616","Bloqueador Control"
207,"0.333094","Bloqueador Control"
206,"0.335661","Bloqueador Control"
205,"0.310015","Bloqueador Control"
204,"0.307111","Bloqueador Control"
203,"0.321743","Bloqueador Control"
202,"0.322016","Bloqueador Control"
201,"0.295744","Bloqueador Control"
200,"0.307810","Bloqueador Control"
749,"0.142243","Extracto Puro"
748,"0.143246","Extracto Puro"
747,"0.141368","Extracto Puro"
746,"0.142246","Extracto Puro"
745,"0.142686","Extracto Puro"
744,"0.143732","Extracto Puro"
743,"0.143874","Extracto Puro"
742,"0.143830","Extracto Puro"
741,"0.143782","Extracto Puro"
740,"0.144400","Extracto Puro"
739,"0.144176","Extracto Puro"
738,"0.145108","Extracto Puro"
737,"0.146504","Extracto Puro"
736,"0.143914","Extracto Puro"
735,"0.144335","Extracto Puro"
734,"0.145200","Extracto Puro"
733,"0.145095","Extracto Puro"
732,"0.145953","Extracto Puro"
731,"0.145693","Extracto Puro"
730,"0.145957","Extracto Puro"
729,"0.145514","Extracto Puro"
728,"0.145149","Extracto Puro"
727,"0.146121","Extracto Puro"
726,"0.147185","Extracto Puro"
725,"0.146523","Extracto Puro"
724,"0.147733","Extracto Puro"
723,"0.147377","Extracto Puro"
722,"0.147781","Extracto Puro"
721,"0.147815","Extracto Puro"
720,"0.148505","Extracto Puro"
719,"0.147960","Extracto Puro"
718,"0.147274","Extracto Puro"
717,"0.148276","Extracto Puro"
716,"0.149035","Extracto Puro"
715,"0.149698","Extracto Puro"
714,"0.148974","Extracto Puro"
713,"0.149346","Extracto Puro"
712,"0.149544","Extracto Puro"
711,"0.149214","Extracto Puro"
710,"0.150120","Extracto Puro"
709,"0.151134","Extracto Puro"
708,"0.151994","Extracto Puro"
707,"0.150169","Extracto Puro"
706,"0.150485","Extracto Puro"
705,"0.151296","Extracto Puro"
704,"0.151337","Extracto Puro"
703,"0.152043","Extracto Puro"
702,"0.151562","Extracto Puro"
701,"0.151240","Extracto Puro"
700,"0.151674","Extracto Puro"
699,"0.154053","Extracto Puro"
698,"0.153206","Extracto Puro"
697,"0.152805","Extracto Puro"
696,"0.153742","Extracto Puro"
695,"0.153320","Extracto Puro"
694,"0.153895","Extracto Puro"
693,"0.153782","Extracto Puro"
692,"0.154017","Extracto Puro"
691,"0.154885","Extracto Puro"
690,"0.156625","Extracto Puro"
689,"0.156373","Extracto Puro"
688,"0.154956","Extracto Puro"
687,"0.155618","Extracto Puro"
686,"0.155887","Extracto Puro"
685,"0.156852","Extracto Puro"
684,"0.157873","Extracto Puro"
683,"0.157880","Extracto Puro"
682,"0.158689","Extracto Puro"
681,"0.161277","Extracto Puro"
680,"0.161641","Extracto Puro"
679,"0.162756","Extracto Puro"
678,"0.164564","Extracto Puro"
677,"0.164772","Extracto Puro"
676,"0.166362","Extracto Puro"
675,"0.166248","Extracto Puro"
674,"0.167526","Extracto Puro"
673,"0.169544","Extracto Puro"
672,"0.171309","Extracto Puro"
671,"0.172846","Extracto Puro"
670,"0.173429","Extracto Puro"
669,"0.174302","Extracto Puro"
668,"0.176035","Extracto Puro"
667,"0.178253","Extracto Puro"
666,"0.177448","Extracto Puro"
665,"0.176279","Extracto Puro"
664,"0.177417","Extracto Puro"
663,"0.175898","Extracto Puro"
662,"0.177345","Extracto Puro"
661,"0.178511","Extracto Puro"
660,"0.176372","Extracto Puro"
659,"0.176388","Extracto Puro"
658,"0.173603","Extracto Puro"
657,"0.175404","Extracto Puro"
656,"0.175373","Extracto Puro"
655,"0.173710","Extracto Puro"
654,"0.171627","Extracto Puro"
653,"0.171195","Extracto Puro"
652,"0.171503","Extracto Puro"
651,"0.171643","Extracto Puro"
650,"0.172621","Extracto Puro"
649,"0.171588","Extracto Puro"
648,"0.169430","Extracto Puro"
647,"0.168914","Extracto Puro"
646,"0.168708","Extracto Puro"
645,"0.170616","Extracto Puro"
644,"0.170606","Extracto Puro"
643,"0.169440","Extracto Puro"
642,"0.168448","Extracto Puro"
641,"0.166858","Extracto Puro"
640,"0.168329","Extracto Puro"
639,"0.169767","Extracto Puro"
638,"0.170121","Extracto Puro"
637,"0.167642","Extracto Puro"
636,"0.167766","Extracto Puro"
635,"0.168006","Extracto Puro"
634,"0.169228","Extracto Puro"
633,"0.170933","Extracto Puro"
632,"0.168682","Extracto Puro"
631,"0.167512","Extracto Puro"
630,"0.168316","Extracto Puro"
629,"0.168381","Extracto Puro"
628,"0.170430","Extracto Puro"
627,"0.171474","Extracto Puro"
626,"0.170814","Extracto Puro"
625,"0.169437","Extracto Puro"
624,"0.170114","Extracto Puro"
623,"0.170841","Extracto Puro"
622,"0.172457","Extracto Puro"
621,"0.170686","Extracto Puro"
620,"0.170436","Extracto Puro"
619,"0.171488","Extracto Puro"
618,"0.172076","Extracto Puro"
617,"0.174048","Extracto Puro"
616,"0.174546","Extracto Puro"
615,"0.173775","Extracto Puro"
614,"0.172787","Extracto Puro"
613,"0.173618","Extracto Puro"
612,"0.174292","Extracto Puro"
611,"0.175355","Extracto Puro"
610,"0.176495","Extracto Puro"
609,"0.175837","Extracto Puro"
608,"0.176163","Extracto Puro"
607,"0.175578","Extracto Puro"
606,"0.176365","Extracto Puro"
605,"0.177309","Extracto Puro"
604,"0.177804","Extracto Puro"
603,"0.176571","Extracto Puro"
602,"0.176175","Extracto Puro"
601,"0.177684","Extracto Puro"
600,"0.176562","Extracto Puro"
599,"0.177580","Extracto Puro"
598,"0.177856","Extracto Puro"
597,"0.178035","Extracto Puro"
596,"0.177249","Extracto Puro"
595,"0.179118","Extracto Puro"
594,"0.179152","Extracto Puro"
593,"0.178249","Extracto Puro"
592,"0.177451","Extracto Puro"
591,"0.177925","Extracto Puro"
590,"0.178766","Extracto Puro"
589,"0.180277","Extracto Puro"
588,"0.179950","Extracto Puro"
587,"0.179343","Extracto Puro"
586,"0.178717","Extracto Puro"
585,"0.179245","Extracto Puro"
584,"0.181820","Extracto Puro"
583,"0.181841","Extracto Puro"
582,"0.181491","Extracto Puro"
581,"0.179998","Extracto Puro"
580,"0.179347","Extracto Puro"
579,"0.183180","Extracto Puro"
578,"0.184590","Extracto Puro"
577,"0.185083","Extracto Puro"
576,"0.184751","Extracto Puro"
575,"0.184010","Extracto Puro"
574,"0.184894","Extracto Puro"
573,"0.185475","Extracto Puro"
572,"0.186961","Extracto Puro"
571,"0.185188","Extracto Puro"
570,"0.187663","Extracto Puro"
569,"0.186306","Extracto Puro"
568,"0.186630","Extracto Puro"
567,"0.187853","Extracto Puro"
566,"0.188152","Extracto Puro"
565,"0.188351","Extracto Puro"
564,"0.188290","Extracto Puro"
563,"0.188972","Extracto Puro"
562,"0.189559","Extracto Puro"
561,"0.189860","Extracto Puro"
560,"0.190379","Extracto Puro"
559,"0.190036","Extracto Puro"
558,"0.190982","Extracto Puro"
557,"0.190966","Extracto Puro"
556,"0.191586","Extracto Puro"
555,"0.192125","Extracto Puro"
554,"0.192486","Extracto Puro"
553,"0.193188","Extracto Puro"
552,"0.193504","Extracto Puro"
551,"0.193937","Extracto Puro"
550,"0.193084","Extracto Puro"
549,"0.193764","Extracto Puro"
548,"0.194536","Extracto Puro"
547,"0.195617","Extracto Puro"
546,"0.195316","Extracto Puro"
545,"0.195761","Extracto Puro"
544,"0.197795","Extracto Puro"
543,"0.195914","Extracto Puro"
542,"0.200424","Extracto Puro"
541,"0.199149","Extracto Puro"
540,"0.198840","Extracto Puro"
539,"0.198379","Extracto Puro"
538,"0.198381","Extracto Puro"
537,"0.201005","Extracto Puro"
536,"0.200488","Extracto Puro"
535,"0.201501","Extracto Puro"
534,"0.202456","Extracto Puro"
533,"0.203314","Extracto Puro"
532,"0.201475","Extracto Puro"
531,"0.201505","Extracto Puro"
530,"0.202617","Extracto Puro"
529,"0.206848","Extracto Puro"
528,"0.203976","Extracto Puro"
527,"0.203491","Extracto Puro"
526,"0.205128","Extracto Puro"
525,"0.205350","Extracto Puro"
524,"0.205178","Extracto Puro"
523,"0.205182","Extracto Puro"
522,"0.205535","Extracto Puro"
521,"0.206112","Extracto Puro"
520,"0.207423","Extracto Puro"
519,"0.209070","Extracto Puro"
518,"0.208467","Extracto Puro"
517,"0.207787","Extracto Puro"
516,"0.208709","Extracto Puro"
515,"0.208724","Extracto Puro"
514,"0.211649","Extracto Puro"
513,"0.211464","Extracto Puro"
512,"0.212355","Extracto Puro"
511,"0.211913","Extracto Puro"
510,"0.212660","Extracto Puro"
509,"0.214290","Extracto Puro"
508,"0.214610","Extracto Puro"
507,"0.216277","Extracto Puro"
506,"0.213899","Extracto Puro"
505,"0.215626","Extracto Puro"
504,"0.214940","Extracto Puro"
503,"0.216579","Extracto Puro"
502,"0.217103","Extracto Puro"
501,"0.219208","Extracto Puro"
500,"0.219417","Extracto Puro"
499,"0.218372","Extracto Puro"
498,"0.219506","Extracto Puro"
497,"0.221053","Extracto Puro"
496,"0.220395","Extracto Puro"
495,"0.221196","Extracto Puro"
494,"0.221814","Extracto Puro"
493,"0.221837","Extracto Puro"
492,"0.226150","Extracto Puro"
491,"0.225277","Extracto Puro"
490,"0.225823","Extracto Puro"
489,"0.228761","Extracto Puro"
488,"0.229740","Extracto Puro"
487,"0.229766","Extracto Puro"
486,"0.230188","Extracto Puro"
485,"0.233431","Extracto Puro"
484,"0.235963","Extracto Puro"
483,"0.234367","Extracto Puro"
482,"0.235368","Extracto Puro"
481,"0.236566","Extracto Puro"
480,"0.238112","Extracto Puro"
479,"0.240337","Extracto Puro"
478,"0.242265","Extracto Puro"
477,"0.241831","Extracto Puro"
476,"0.242579","Extracto Puro"
475,"0.243589","Extracto Puro"
474,"0.245679","Extracto Puro"
473,"0.247246","Extracto Puro"
472,"0.248715","Extracto Puro"
471,"0.249552","Extracto Puro"
470,"0.249263","Extracto Puro"
469,"0.249640","Extracto Puro"
468,"0.252005","Extracto Puro"
467,"0.252071","Extracto Puro"
466,"0.253559","Extracto Puro"
465,"0.253990","Extracto Puro"
464,"0.253558","Extracto Puro"
463,"0.253850","Extracto Puro"
462,"0.255130","Extracto Puro"
461,"0.255413","Extracto Puro"
460,"0.257965","Extracto Puro"
459,"0.257873","Extracto Puro"
458,"0.257011","Extracto Puro"
457,"0.257189","Extracto Puro"
456,"0.257709","Extracto Puro"
455,"0.258368","Extracto Puro"
454,"0.260620","Extracto Puro"
453,"0.261403","Extracto Puro"
452,"0.261151","Extracto Puro"
451,"0.259194","Extracto Puro"
450,"0.260637","Extracto Puro"
449,"0.262737","Extracto Puro"
448,"0.264829","Extracto Puro"
447,"0.266503","Extracto Puro"
446,"0.265344","Extracto Puro"
445,"0.266628","Extracto Puro"
444,"0.268583","Extracto Puro"
443,"0.268782","Extracto Puro"
442,"0.270605","Extracto Puro"
441,"0.272065","Extracto Puro"
440,"0.271260","Extracto Puro"
439,"0.272693","Extracto Puro"
438,"0.273461","Extracto Puro"
437,"0.273930","Extracto Puro"
436,"0.275478","Extracto Puro"
435,"0.274937","Extracto Puro"
434,"0.278778","Extracto Puro"
433,"0.280488","Extracto Puro"
432,"0.280678","Extracto Puro"
431,"0.279867","Extracto Puro"
430,"0.283067","Extracto Puro"
429,"0.283795","Extracto Puro"
428,"0.283875","Extracto Puro"
427,"0.286885","Extracto Puro"
426,"0.289645","Extracto Puro"
425,"0.289480","Extracto Puro"
424,"0.291428","Extracto Puro"
423,"0.293106","Extracto Puro"
422,"0.295619","Extracto Puro"
421,"0.298281","Extracto Puro"
420,"0.300311","Extracto Puro"
419,"0.303715","Extracto Puro"
418,"0.305646","Extracto Puro"
417,"0.305795","Extracto Puro"
416,"0.307581","Extracto Puro"
415,"0.311143","Extracto Puro"
414,"0.312710","Extracto Puro"
413,"0.315412","Extracto Puro"
412,"0.314028","Extracto Puro"
411,"0.317308","Extracto Puro"
410,"0.319549","Extracto Puro"
409,"0.320314","Extracto Puro"
408,"0.321610","Extracto Puro"
407,"0.324705","Extracto Puro"
406,"0.325967","Extracto Puro"
405,"0.330059","Extracto Puro"
404,"0.332114","Extracto Puro"
403,"0.331644","Extracto Puro"
402,"0.334148","Extracto Puro"
401,"0.338851","Extracto Puro"
400,"0.341376","Extracto Puro"
399,"0.346302","Extracto Puro"
398,"0.347080","Extracto Puro"
397,"0.352336","Extracto Puro"
396,"0.356703","Extracto Puro"
395,"0.360072","Extracto Puro"
394,"0.364664","Extracto Puro"
393,"0.369484","Extracto Puro"
392,"0.376145","Extracto Puro"
391,"0.378489","Extracto Puro"
390,"0.384449","Extracto Puro"
389,"0.392545","Extracto Puro"
388,"0.398220","Extracto Puro"
387,"0.404889","Extracto Puro"
386,"0.410649","Extracto Puro"
385,"0.414563","Extracto Puro"
384,"0.420760","Extracto Puro"
383,"0.426596","Extracto Puro"
382,"0.431734","Extracto Puro"
381,"0.439011","Extracto Puro"
380,"0.444719","Extracto Puro"
379,"0.447990","Extracto Puro"
378,"0.454652","Extracto Puro"
377,"0.457804","Extracto Puro"
376,"0.461261","Extracto Puro"
375,"0.468610","Extracto Puro"
374,"0.471848","Extracto Puro"
373,"0.477447","Extracto Puro"
372,"0.481963","Extracto Puro"
371,"0.501354","Extracto Puro"
370,"0.510301","Extracto Puro"
369,"0.516599","Extracto Puro"
368,"0.518752","Extracto Puro"
367,"0.525326","Extracto Puro"
366,"0.532617","Extracto Puro"
365,"0.540087","Extracto Puro"
364,"0.547547","Extracto Puro"
363,"0.558387","Extracto Puro"
362,"0.563243","Extracto Puro"
361,"0.569752","Extracto Puro"
360,"0.577740","Extracto Puro"
359,"0.587385","Extracto Puro"
358,"0.597408","Extracto Puro"
357,"0.607017","Extracto Puro"
356,"0.615365","Extracto Puro"
355,"0.622516","Extracto Puro"
354,"0.631926","Extracto Puro"
353,"0.638268","Extracto Puro"
352,"0.651991","Extracto Puro"
351,"0.662277","Extracto Puro"
350,"0.672713","Extracto Puro"
349,"0.680216","Extracto Puro"
348,"0.686751","Extracto Puro"
347,"0.699552","Extracto Puro"
346,"0.708686","Extracto Puro"
345,"0.719010","Extracto Puro"
344,"0.727715","Extracto Puro"
343,"0.735263","Extracto Puro"
342,"0.740661","Extracto Puro"
341,"0.747360","Extracto Puro"
340,"0.755887","Extracto Puro"
339,"0.761462","Extracto Puro"
338,"0.769250","Extracto Puro"
337,"0.771121","Extracto Puro"
336,"0.776915","Extracto Puro"
335,"0.785236","Extracto Puro"
334,"0.788322","Extracto Puro"
333,"0.795519","Extracto Puro"
332,"0.797882","Extracto Puro"
331,"0.802499","Extracto Puro"
330,"0.806001","Extracto Puro"
329,"0.806413","Extracto Puro"
328,"0.809202","Extracto Puro"
327,"0.813043","Extracto Puro"
326,"0.816701","Extracto Puro"
325,"0.817431","Extracto Puro"
324,"0.821393","Extracto Puro"
323,"0.817830","Extracto Puro"
322,"0.817039","Extracto Puro"
321,"0.816343","Extracto Puro"
320,"0.818719","Extracto Puro"
319,"0.823011","Extracto Puro"
318,"0.819883","Extracto Puro"
317,"0.821148","Extracto Puro"
316,"0.820271","Extracto Puro"
315,"0.822991","Extracto Puro"
314,"0.821052","Extracto Puro"
313,"0.823334","Extracto Puro"
312,"0.823442","Extracto Puro"
311,"0.822858","Extracto Puro"
310,"0.826809","Extracto Puro"
309,"0.828316","Extracto Puro"
308,"0.830202","Extracto Puro"
307,"0.827959","Extracto Puro"
306,"0.832932","Extracto Puro"
305,"0.838563","Extracto Puro"
304,"0.837928","Extracto Puro"
303,"0.838633","Extracto Puro"
302,"0.845574","Extracto Puro"
301,"0.844579","Extracto Puro"
300,"0.847116","Extracto Puro"
299,"0.853079","Extracto Puro"
298,"0.854511","Extracto Puro"
297,"0.856721","Extracto Puro"
296,"0.857541","Extracto Puro"
295,"0.861673","Extracto Puro"
294,"0.855618","Extracto Puro"
293,"0.836214","Extracto Puro"
292,"0.808843","Extracto Puro"
291,"0.764097","Extracto Puro"
290,"0.724486","Extracto Puro"
289,"0.708898","Extracto Puro"
288,"0.700046","Extracto Puro"
287,"0.692550","Extracto Puro"
286,"0.690692","Extracto Puro"
285,"0.684410","Extracto Puro"
284,"0.680108","Extracto Puro"
283,"0.672611","Extracto Puro"
282,"0.674384","Extracto Puro"
281,"0.669806","Extracto Puro"
280,"0.656286","Extracto Puro"
279,"0.654792","Extracto Puro"
278,"0.650749","Extracto Puro"
277,"0.645498","Extracto Puro"
276,"0.641628","Extracto Puro"
275,"0.635920","Extracto Puro"
274,"0.636899","Extracto Puro"
273,"0.625758","Extracto Puro"
272,"0.617085","Extracto Puro"
271,"0.624599","Extracto Puro"
270,"0.621118","Extracto Puro"
269,"0.615629","Extracto Puro"
268,"0.608701","Extracto Puro"
267,"0.590832","Extracto Puro"
266,"0.595124","Extracto Puro"
265,"0.590047","Extracto Puro"
264,"0.576584","Extracto Puro"
263,"0.575401","Extracto Puro"
262,"0.581165","Extracto Puro"
261,"0.573801","Extracto Puro"
260,"0.562653","Extracto Puro"
259,"0.550472","Extracto Puro"
258,"0.554269","Extracto Puro"
257,"0.548902","Extracto Puro"
256,"0.538076","Extracto Puro"
255,"0.536743","Extracto Puro"
254,"0.539706","Extracto Puro"
253,"0.541393","Extracto Puro"
252,"0.524624","Extracto Puro"
251,"0.525296","Extracto Puro"
250,"0.503691","Extracto Puro"
249,"0.349182","Extracto Puro"
248,"0.326837","Extracto Puro"
247,"0.335337","Extracto Puro"
246,"0.335357","Extracto Puro"
245,"0.326593","Extracto Puro"
244,"0.334320","Extracto Puro"
243,"0.320432","Extracto Puro"
242,"0.310400","Extracto Puro"
241,"0.318717","Extracto Puro"
240,"0.312085","Extracto Puro"
239,"0.298579","Extracto Puro"
238,"0.302257","Extracto Puro"
237,"0.297265","Extracto Puro"
236,"0.300597","Extracto Puro"
235,"0.301430","Extracto Puro"
234,"0.301130","Extracto Puro"
233,"0.288267","Extracto Puro"
232,"0.275656","Extracto Puro"
231,"0.291830","Extracto Puro"
230,"0.275558","Extracto Puro"
229,"0.300067","Extracto Puro"
228,"0.288981","Extracto Puro"
227,"0.288352","Extracto Puro"
226,"0.268210","Extracto Puro"
225,"0.288652","Extracto Puro"
224,"0.279922","Extracto Puro"
223,"0.279993","Extracto Puro"
222,"0.268842","Extracto Puro"
221,"0.260844","Extracto Puro"
220,"0.265397","Extracto Puro"
219,"0.263539","Extracto Puro"
218,"0.257232","Extracto Puro"
217,"0.259541","Extracto Puro"
216,"0.269261","Extracto Puro"
215,"0.256200","Extracto Puro"
214,"0.254656","Extracto Puro"
213,"0.250133","Extracto Puro"
212,"0.270719","Extracto Puro"
211,"0.254748","Extracto Puro"
210,"0.250566","Extracto Puro"
209,"0.241131","Extracto Puro"
208,"0.249879","Extracto Puro"
207,"0.238107","Extracto Puro"
206,"0.251245","Extracto Puro"
205,"0.228787","Extracto Puro"
204,"0.235974","Extracto Puro"
203,"0.234707","Extracto Puro"
202,"0.236879","Extracto Puro"
201,"0.225489","Extracto Puro"
200,"0.233570","Extracto Puro"
